,simulation,model,participant,trial,symbol,action,time
0,1,Discount,0,0,7,0,5.0
1,1,Discount,0,1,1,2,5.0
2,1,Discount,0,2,3,0,5.0
3,1,Discount,0,3,4,2,5.0
4,1,Discount,0,4,0,2,5.0
5,1,Discount,0,5,3,2,5.0
6,1,Discount,0,6,4,0,5.0
7,1,Discount,0,7,7,0,5.0
8,1,Discount,0,8,0,2,5.0
9,1,Discount,0,9,2,0,5.0
10,1,Discount,0,10,1,2,5.0
11,1,Discount,0,11,1,0,5.0
12,1,Discount,0,12,5,0,5.0
13,1,Discount,0,13,3,0,5.0
14,1,Discount,0,14,2,0,5.0
15,1,Discount,0,15,4,2,5.0
16,1,Discount,0,16,0,2,5.0
17,1,Discount,0,17,6,0,5.0
18,1,Discount,0,18,0,0,5.0
19,1,Discount,0,19,6,2,5.0
20,1,Discount,0,20,6,2,5.0
21,1,Discount,0,21,1,2,5.0
22,1,Discount,0,22,5,0,5.0
23,1,Discount,0,23,7,2,5.0
24,1,Discount,0,24,3,2,5.0
25,1,Discount,0,25,2,0,5.0
26,1,Discount,0,26,2,2,5.0
27,1,Discount,0,27,4,2,5.0
28,1,Discount,0,28,5,2,5.0
29,1,Discount,0,29,2,0,5.0
30,1,Discount,0,30,1,0,5.0
31,1,Discount,0,31,0,2,5.0
32,1,Discount,0,32,0,2,5.0
33,1,Discount,0,33,7,0,5.0
34,1,Discount,0,34,6,2,5.0
35,1,Discount,0,35,0,0,5.0
36,1,Discount,0,36,5,2,5.0
37,1,Discount,0,37,3,2,5.0
38,1,Discount,0,38,0,0,5.0
39,1,Discount,0,39,3,0,5.0
40,1,Discount,0,40,1,0,5.0
41,1,Discount,0,41,6,0,5.0
42,1,Discount,0,42,0,0,5.0
43,1,Discount,0,43,3,2,5.0
44,1,Discount,0,44,6,2,5.0
45,1,Discount,0,45,2,0,5.0
46,1,Discount,0,46,1,0,5.0
47,1,Discount,0,47,2,0,5.0
48,1,Discount,0,48,1,0,5.0
49,1,Discount,0,49,5,0,5.0
50,1,Discount,0,50,0,0,5.0
51,1,Discount,0,51,4,0,5.0
52,1,Discount,0,52,7,0,5.0
53,1,Discount,0,53,1,2,5.0
54,1,Discount,0,54,0,2,5.0
55,1,Discount,0,55,2,0,5.0
56,1,Discount,0,56,1,2,5.0
57,1,Discount,0,57,5,2,5.0
58,1,Discount,0,58,4,0,5.0
59,1,Discount,0,59,4,0,5.0
60,1,Discount,0,60,4,0,5.0
61,1,Discount,0,61,2,2,5.0
62,1,Discount,0,62,0,0,5.0
63,1,Discount,0,63,2,0,5.0
64,1,Discount,0,64,3,2,5.0
0,1,Discount,1,0,7,2,5.0
1,1,Discount,1,1,7,0,5.0
2,1,Discount,1,2,0,0,5.0
3,1,Discount,1,3,0,0,5.0
4,1,Discount,1,4,2,2,5.0
5,1,Discount,1,5,1,0,5.0
6,1,Discount,1,6,4,2,5.0
7,1,Discount,1,7,2,2,5.0
8,1,Discount,1,8,2,2,5.0
9,1,Discount,1,9,0,0,5.0
10,1,Discount,1,10,1,0,5.0
11,1,Discount,1,11,5,0,5.0
12,1,Discount,1,12,4,2,5.0
13,1,Discount,1,13,2,2,5.0
14,1,Discount,1,14,2,2,5.0
15,1,Discount,1,15,3,0,5.0
16,1,Discount,1,16,1,0,5.0
17,1,Discount,1,17,4,2,5.0
18,1,Discount,1,18,0,0,5.0
19,1,Discount,1,19,4,0,5.0
20,1,Discount,1,20,6,2,5.0
21,1,Discount,1,21,3,2,5.0
22,1,Discount,1,22,0,0,5.0
23,1,Discount,1,23,6,0,5.0
24,1,Discount,1,24,1,2,5.0
25,1,Discount,1,25,0,0,5.0
26,1,Discount,1,26,5,2,5.0
27,1,Discount,1,27,3,2,5.0
28,1,Discount,1,28,1,2,5.0
29,1,Discount,1,29,7,0,5.0
30,1,Discount,1,30,3,0,5.0
31,1,Discount,1,31,6,0,5.0
32,1,Discount,1,32,5,2,5.0
33,1,Discount,1,33,3,0,5.0
34,1,Discount,1,34,2,0,5.0
35,1,Discount,1,35,1,2,5.0
36,1,Discount,1,36,2,0,5.0
37,1,Discount,1,37,7,0,5.0
38,1,Discount,1,38,2,0,5.0
39,1,Discount,1,39,1,2,5.0
40,1,Discount,1,40,4,2,5.0
41,1,Discount,1,41,0,2,5.0
42,1,Discount,1,42,0,0,5.0
43,1,Discount,1,43,2,0,5.0
44,1,Discount,1,44,2,2,5.0
45,1,Discount,1,45,7,0,5.0
46,1,Discount,1,46,6,2,5.0
47,1,Discount,1,47,0,0,5.0
48,1,Discount,1,48,1,0,5.0
49,1,Discount,1,49,4,0,5.0
50,1,Discount,1,50,0,0,5.0
51,1,Discount,1,51,6,2,5.0
52,1,Discount,1,52,3,2,5.0
53,1,Discount,1,53,1,2,5.0
54,1,Discount,1,54,0,0,5.0
55,1,Discount,1,55,5,0,5.0
56,1,Discount,1,56,4,0,5.0
57,1,Discount,1,57,1,0,5.0
58,1,Discount,1,58,6,2,5.0
59,1,Discount,1,59,3,2,5.0
60,1,Discount,1,60,5,2,5.0
61,1,Discount,1,61,0,2,5.0
62,1,Discount,1,62,3,2,5.0
63,1,Discount,1,63,5,2,5.0
64,1,Discount,1,64,4,0,5.0
0,1,Discount,2,0,7,0,5.0
1,1,Discount,2,1,0,0,5.0
2,1,Discount,2,2,6,0,5.0
3,1,Discount,2,3,4,2,5.0
4,1,Discount,2,4,6,2,5.0
5,1,Discount,2,5,5,2,5.0
6,1,Discount,2,6,0,2,5.0
7,1,Discount,2,7,3,0,5.0
8,1,Discount,2,8,2,0,5.0
9,1,Discount,2,9,2,2,5.0
10,1,Discount,2,10,4,0,5.0
11,1,Discount,2,11,1,2,5.0
12,1,Discount,2,12,4,2,5.0
13,1,Discount,2,13,0,2,5.0
14,1,Discount,2,14,5,2,5.0
15,1,Discount,2,15,7,0,5.0
16,1,Discount,2,16,5,2,5.0
17,1,Discount,2,17,1,2,5.0
18,1,Discount,2,18,6,0,5.0
19,1,Discount,2,19,3,2,5.0
20,1,Discount,2,20,0,2,5.0
21,1,Discount,2,21,4,0,5.0
22,1,Discount,2,22,1,2,5.0
23,1,Discount,2,23,0,0,5.0
24,1,Discount,2,24,2,2,5.0
25,1,Discount,2,25,1,0,5.0
26,1,Discount,2,26,2,0,5.0
27,1,Discount,2,27,3,2,5.0
28,1,Discount,2,28,0,0,5.0
29,1,Discount,2,29,2,2,5.0
30,1,Discount,2,30,3,0,5.0
31,1,Discount,2,31,1,0,5.0
32,1,Discount,2,32,7,0,5.0
33,1,Discount,2,33,0,0,5.0
34,1,Discount,2,34,6,0,5.0
35,1,Discount,2,35,1,2,5.0
36,1,Discount,2,36,1,2,5.0
37,1,Discount,2,37,0,0,5.0
38,1,Discount,2,38,2,2,5.0
39,1,Discount,2,39,5,2,5.0
40,1,Discount,2,40,6,0,5.0
41,1,Discount,2,41,0,0,5.0
42,1,Discount,2,42,1,2,5.0
43,1,Discount,2,43,5,2,5.0
44,1,Discount,2,44,0,0,5.0
45,1,Discount,2,45,6,2,5.0
46,1,Discount,2,46,4,2,5.0
47,1,Discount,2,47,5,2,5.0
48,1,Discount,2,48,0,0,5.0
49,1,Discount,2,49,3,0,5.0
50,1,Discount,2,50,2,0,5.0
51,1,Discount,2,51,3,0,5.0
52,1,Discount,2,52,2,2,5.0
53,1,Discount,2,53,7,0,5.0
54,1,Discount,2,54,4,2,5.0
55,1,Discount,2,55,7,0,5.0
56,1,Discount,2,56,3,2,5.0
57,1,Discount,2,57,1,0,5.0
58,1,Discount,2,58,4,0,5.0
59,1,Discount,2,59,0,0,5.0
60,1,Discount,2,60,2,0,5.0
61,1,Discount,2,61,2,2,5.0
62,1,Discount,2,62,3,0,5.0
63,1,Discount,2,63,4,2,5.0
64,1,Discount,2,64,1,2,5.0
0,1,Discount,3,0,7,2,5.0
1,1,Discount,3,1,3,2,5.0
2,1,Discount,3,2,0,0,5.0
3,1,Discount,3,3,4,2,5.0
4,1,Discount,3,4,1,0,5.0
5,1,Discount,3,5,7,2,5.0
6,1,Discount,3,6,0,0,5.0
7,1,Discount,3,7,1,0,5.0
8,1,Discount,3,8,0,2,5.0
9,1,Discount,3,9,2,0,5.0
10,1,Discount,3,10,4,0,5.0
11,1,Discount,3,11,3,2,5.0
12,1,Discount,3,12,1,0,5.0
13,1,Discount,3,13,1,2,5.0
14,1,Discount,3,14,0,0,5.0
15,1,Discount,3,15,5,2,5.0
16,1,Discount,3,16,5,2,5.0
17,1,Discount,3,17,4,0,5.0
18,1,Discount,3,18,2,2,5.0
19,1,Discount,3,19,1,2,5.0
20,1,Discount,3,20,6,0,5.0
21,1,Discount,3,21,2,2,5.0
22,1,Discount,3,22,0,0,5.0
23,1,Discount,3,23,0,0,5.0
24,1,Discount,3,24,2,2,5.0
25,1,Discount,3,25,7,2,5.0
26,1,Discount,3,26,3,2,5.0
27,1,Discount,3,27,6,0,5.0
28,1,Discount,3,28,4,0,5.0
29,1,Discount,3,29,2,0,5.0
30,1,Discount,3,30,5,2,5.0
31,1,Discount,3,31,3,0,5.0
32,1,Discount,3,32,6,2,5.0
33,1,Discount,3,33,6,2,5.0
34,1,Discount,3,34,5,0,5.0
35,1,Discount,3,35,2,0,5.0
36,1,Discount,3,36,5,0,5.0
37,1,Discount,3,37,1,0,5.0
38,1,Discount,3,38,0,0,5.0
39,1,Discount,3,39,3,2,5.0
40,1,Discount,3,40,0,2,5.0
41,1,Discount,3,41,4,0,5.0
42,1,Discount,3,42,4,2,5.0
43,1,Discount,3,43,2,0,5.0
44,1,Discount,3,44,0,0,5.0
45,1,Discount,3,45,0,0,5.0
46,1,Discount,3,46,6,2,5.0
47,1,Discount,3,47,2,2,5.0
48,1,Discount,3,48,4,2,5.0
49,1,Discount,3,49,0,2,5.0
50,1,Discount,3,50,6,0,5.0
51,1,Discount,3,51,3,2,5.0
52,1,Discount,3,52,2,2,5.0
53,1,Discount,3,53,5,0,5.0
54,1,Discount,3,54,1,2,5.0
55,1,Discount,3,55,7,0,5.0
56,1,Discount,3,56,0,0,5.0
57,1,Discount,3,57,2,0,5.0
58,1,Discount,3,58,1,0,5.0
59,1,Discount,3,59,1,0,5.0
60,1,Discount,3,60,3,0,5.0
61,1,Discount,3,61,4,0,5.0
62,1,Discount,3,62,3,0,5.0
63,1,Discount,3,63,7,2,5.0
64,1,Discount,3,64,1,2,5.0
0,1,Discount,4,0,7,2,5.0
1,1,Discount,4,1,1,0,5.0
2,1,Discount,4,2,3,2,5.0
3,1,Discount,4,3,0,2,5.0
4,1,Discount,4,4,2,0,5.0
5,1,Discount,4,5,4,0,5.0
6,1,Discount,4,6,0,0,5.0
7,1,Discount,4,7,2,2,5.0
8,1,Discount,4,8,1,0,5.0
9,1,Discount,4,9,3,0,5.0
10,1,Discount,4,10,0,2,5.0
11,1,Discount,4,11,7,2,5.0
12,1,Discount,4,12,0,0,5.0
13,1,Discount,4,13,6,2,5.0
14,1,Discount,4,14,3,2,5.0
15,1,Discount,4,15,0,0,5.0
16,1,Discount,4,16,0,2,5.0
17,1,Discount,4,17,7,2,5.0
18,1,Discount,4,18,2,2,5.0
19,1,Discount,4,19,1,0,5.0
20,1,Discount,4,20,4,0,5.0
21,1,Discount,4,21,4,0,5.0
22,1,Discount,4,22,6,2,5.0
23,1,Discount,4,23,5,0,5.0
24,1,Discount,4,24,6,2,5.0
25,1,Discount,4,25,1,2,5.0
26,1,Discount,4,26,4,2,5.0
27,1,Discount,4,27,1,0,5.0
28,1,Discount,4,28,5,2,5.0
29,1,Discount,4,29,2,0,5.0
30,1,Discount,4,30,5,2,5.0
31,1,Discount,4,31,2,0,5.0
32,1,Discount,4,32,3,2,5.0
33,1,Discount,4,33,0,0,5.0
34,1,Discount,4,34,1,2,5.0
35,1,Discount,4,35,5,2,5.0
36,1,Discount,4,36,0,0,5.0
37,1,Discount,4,37,3,0,5.0
38,1,Discount,4,38,4,2,5.0
39,1,Discount,4,39,2,2,5.0
40,1,Discount,4,40,6,2,5.0
41,1,Discount,4,41,3,2,5.0
42,1,Discount,4,42,4,2,5.0
43,1,Discount,4,43,6,2,5.0
44,1,Discount,4,44,0,2,5.0
45,1,Discount,4,45,6,2,5.0
46,1,Discount,4,46,3,2,5.0
47,1,Discount,4,47,2,2,5.0
48,1,Discount,4,48,1,2,5.0
49,1,Discount,4,49,1,0,5.0
50,1,Discount,4,50,1,0,5.0
51,1,Discount,4,51,5,0,5.0
52,1,Discount,4,52,2,2,5.0
53,1,Discount,4,53,2,0,5.0
54,1,Discount,4,54,5,2,5.0
55,1,Discount,4,55,0,2,5.0
56,1,Discount,4,56,7,0,5.0
57,1,Discount,4,57,4,0,5.0
58,1,Discount,4,58,1,2,5.0
59,1,Discount,4,59,3,0,5.0
60,1,Discount,4,60,4,2,5.0
61,1,Discount,4,61,7,0,5.0
62,1,Discount,4,62,2,0,5.0
63,1,Discount,4,63,0,2,5.0
64,1,Discount,4,64,0,2,5.0
0,1,Discount,5,0,7,2,5.0
1,1,Discount,5,1,4,2,5.0
2,1,Discount,5,2,0,2,5.0
3,1,Discount,5,3,0,2,5.0
4,1,Discount,5,4,5,2,5.0
5,1,Discount,5,5,0,2,5.0
6,1,Discount,5,6,2,2,5.0
7,1,Discount,5,7,2,0,5.0
8,1,Discount,5,8,6,0,5.0
9,1,Discount,5,9,0,2,5.0
10,1,Discount,5,10,4,0,5.0
11,1,Discount,5,11,3,0,5.0
12,1,Discount,5,12,3,2,5.0
13,1,Discount,5,13,6,2,5.0
14,1,Discount,5,14,7,0,5.0
15,1,Discount,5,15,2,0,5.0
16,1,Discount,5,16,0,0,5.0
17,1,Discount,5,17,2,0,5.0
18,1,Discount,5,18,1,0,5.0
19,1,Discount,5,19,3,2,5.0
20,1,Discount,5,20,0,2,5.0
21,1,Discount,5,21,1,0,5.0
22,1,Discount,5,22,7,0,5.0
23,1,Discount,5,23,2,2,5.0
24,1,Discount,5,24,5,2,5.0
25,1,Discount,5,25,6,2,5.0
26,1,Discount,5,26,4,2,5.0
27,1,Discount,5,27,5,2,5.0
28,1,Discount,5,28,4,0,5.0
29,1,Discount,5,29,1,0,5.0
30,1,Discount,5,30,1,0,5.0
31,1,Discount,5,31,3,2,5.0
32,1,Discount,5,32,1,2,5.0
33,1,Discount,5,33,3,2,5.0
34,1,Discount,5,34,6,0,5.0
35,1,Discount,5,35,5,2,5.0
36,1,Discount,5,36,1,2,5.0
37,1,Discount,5,37,2,2,5.0
38,1,Discount,5,38,6,0,5.0
39,1,Discount,5,39,2,2,5.0
40,1,Discount,5,40,4,2,5.0
41,1,Discount,5,41,0,0,5.0
42,1,Discount,5,42,1,2,5.0
43,1,Discount,5,43,0,0,5.0
44,1,Discount,5,44,2,0,5.0
45,1,Discount,5,45,0,2,5.0
46,1,Discount,5,46,6,2,5.0
47,1,Discount,5,47,1,2,5.0
48,1,Discount,5,48,4,2,5.0
49,1,Discount,5,49,4,0,5.0
50,1,Discount,5,50,0,2,5.0
51,1,Discount,5,51,1,2,5.0
52,1,Discount,5,52,5,2,5.0
53,1,Discount,5,53,3,2,5.0
54,1,Discount,5,54,1,0,5.0
55,1,Discount,5,55,3,2,5.0
56,1,Discount,5,56,7,2,5.0
57,1,Discount,5,57,4,0,5.0
58,1,Discount,5,58,2,0,5.0
59,1,Discount,5,59,3,0,5.0
60,1,Discount,5,60,0,2,5.0
61,1,Discount,5,61,7,0,5.0
62,1,Discount,5,62,5,2,5.0
63,1,Discount,5,63,0,1,1.0
64,1,Discount,5,64,2,0,5.0
0,1,Discount,6,0,7,2,5.0
1,1,Discount,6,1,5,0,5.0
2,1,Discount,6,2,1,0,5.0
3,1,Discount,6,3,2,2,5.0
4,1,Discount,6,4,0,0,5.0
5,1,Discount,6,5,0,2,5.0
6,1,Discount,6,6,2,2,5.0
7,1,Discount,6,7,2,0,5.0
8,1,Discount,6,8,0,2,5.0
9,1,Discount,6,9,4,0,5.0
10,1,Discount,6,10,4,2,5.0
11,1,Discount,6,11,6,2,5.0
12,1,Discount,6,12,6,0,5.0
13,1,Discount,6,13,1,2,5.0
14,1,Discount,6,14,1,0,5.0
15,1,Discount,6,15,4,0,5.0
16,1,Discount,6,16,2,0,5.0
17,1,Discount,6,17,7,2,5.0
18,1,Discount,6,18,3,0,5.0
19,1,Discount,6,19,3,2,5.0
20,1,Discount,6,20,5,0,5.0
21,1,Discount,6,21,1,2,5.0
22,1,Discount,6,22,3,2,5.0
23,1,Discount,6,23,0,0,5.0
24,1,Discount,6,24,3,2,5.0
25,1,Discount,6,25,0,2,5.0
26,1,Discount,6,26,1,0,5.0
27,1,Discount,6,27,6,2,5.0
28,1,Discount,6,28,7,0,5.0
29,1,Discount,6,29,4,0,5.0
30,1,Discount,6,30,5,2,5.0
31,1,Discount,6,31,2,2,5.0
32,1,Discount,6,32,0,2,5.0
33,1,Discount,6,33,5,2,5.0
34,1,Discount,6,34,2,0,5.0
35,1,Discount,6,35,6,2,5.0
36,1,Discount,6,36,0,0,5.0
37,1,Discount,6,37,3,2,5.0
38,1,Discount,6,38,0,0,5.0
39,1,Discount,6,39,2,0,5.0
40,1,Discount,6,40,7,2,5.0
41,1,Discount,6,41,0,0,5.0
42,1,Discount,6,42,4,0,5.0
43,1,Discount,6,43,6,0,5.0
44,1,Discount,6,44,3,0,5.0
45,1,Discount,6,45,3,0,5.0
46,1,Discount,6,46,1,0,5.0
47,1,Discount,6,47,0,2,5.0
48,1,Discount,6,48,1,2,5.0
49,1,Discount,6,49,4,0,5.0
50,1,Discount,6,50,3,0,5.0
51,1,Discount,6,51,2,2,5.0
52,1,Discount,6,52,5,2,5.0
53,1,Discount,6,53,0,0,5.0
54,1,Discount,6,54,2,0,5.0
55,1,Discount,6,55,1,2,5.0
56,1,Discount,6,56,6,2,5.0
57,1,Discount,6,57,7,2,5.0
58,1,Discount,6,58,1,2,5.0
59,1,Discount,6,59,1,2,5.0
60,1,Discount,6,60,0,0,5.0
61,1,Discount,6,61,5,0,5.0
62,1,Discount,6,62,4,2,5.0
63,1,Discount,6,63,4,2,5.0
64,1,Discount,6,64,2,2,5.0
0,1,Discount,7,0,7,0,5.0
1,1,Discount,7,1,7,0,5.0
2,1,Discount,7,2,2,0,5.0
3,1,Discount,7,3,5,2,5.0
4,1,Discount,7,4,0,2,5.0
5,1,Discount,7,5,0,2,5.0
6,1,Discount,7,6,2,2,5.0
7,1,Discount,7,7,1,2,5.0
8,1,Discount,7,8,4,0,5.0
9,1,Discount,7,9,0,2,5.0
10,1,Discount,7,10,3,2,5.0
11,1,Discount,7,11,3,2,5.0
12,1,Discount,7,12,2,0,5.0
13,1,Discount,7,13,4,2,5.0
14,1,Discount,7,14,6,2,5.0
15,1,Discount,7,15,3,2,5.0
16,1,Discount,7,16,1,2,5.0
17,1,Discount,7,17,0,2,5.0
18,1,Discount,7,18,7,2,5.0
19,1,Discount,7,19,1,0,5.0
20,1,Discount,7,20,4,2,5.0
21,1,Discount,7,21,4,0,5.0
22,1,Discount,7,22,2,0,5.0
23,1,Discount,7,23,2,2,5.0
24,1,Discount,7,24,6,2,5.0
25,1,Discount,7,25,3,0,5.0
26,1,Discount,7,26,0,2,5.0
27,1,Discount,7,27,5,0,5.0
28,1,Discount,7,28,5,0,5.0
29,1,Discount,7,29,1,0,5.0
30,1,Discount,7,30,0,2,5.0
31,1,Discount,7,31,6,2,5.0
32,1,Discount,7,32,1,0,5.0
33,1,Discount,7,33,3,0,5.0
34,1,Discount,7,34,0,2,5.0
35,1,Discount,7,35,5,0,5.0
36,1,Discount,7,36,3,2,5.0
37,1,Discount,7,37,0,2,5.0
38,1,Discount,7,38,0,1,1.0
39,1,Discount,7,39,1,0,5.0
40,1,Discount,7,40,2,0,5.0
41,1,Discount,7,41,4,0,5.0
42,1,Discount,7,42,0,1,1.0
43,1,Discount,7,43,3,2,5.0
44,1,Discount,7,44,1,2,5.0
45,1,Discount,7,45,1,0,5.0
46,1,Discount,7,46,6,0,5.0
47,1,Discount,7,47,4,0,5.0
48,1,Discount,7,48,2,0,5.0
49,1,Discount,7,49,1,2,5.0
50,1,Discount,7,50,0,1,1.0
51,1,Discount,7,51,7,0,5.0
52,1,Discount,7,52,5,0,5.0
53,1,Discount,7,53,4,0,5.0
54,1,Discount,7,54,5,0,5.0
55,1,Discount,7,55,1,2,5.0
56,1,Discount,7,56,3,0,5.0
57,1,Discount,7,57,2,2,5.0
58,1,Discount,7,58,6,0,5.0
59,1,Discount,7,59,6,2,5.0
60,1,Discount,7,60,2,2,5.0
61,1,Discount,7,61,7,0,5.0
62,1,Discount,7,62,2,2,5.0
63,1,Discount,7,63,4,2,5.0
64,1,Discount,7,64,0,1,1.0
0,1,Discount,8,0,7,0,5.0
1,1,Discount,8,1,4,0,5.0
2,1,Discount,8,2,1,2,5.0
3,1,Discount,8,3,4,0,5.0
4,1,Discount,8,4,0,2,5.0
5,1,Discount,8,5,1,0,5.0
6,1,Discount,8,6,2,2,5.0
7,1,Discount,8,7,5,2,5.0
8,1,Discount,8,8,7,2,5.0
9,1,Discount,8,9,0,0,5.0
10,1,Discount,8,10,6,0,5.0
11,1,Discount,8,11,0,2,5.0
12,1,Discount,8,12,7,2,5.0
13,1,Discount,8,13,4,2,5.0
14,1,Discount,8,14,2,0,5.0
15,1,Discount,8,15,5,0,5.0
16,1,Discount,8,16,5,2,5.0
17,1,Discount,8,17,4,2,5.0
18,1,Discount,8,18,2,2,5.0
19,1,Discount,8,19,6,0,5.0
20,1,Discount,8,20,1,0,5.0
21,1,Discount,8,21,3,2,5.0
22,1,Discount,8,22,2,0,5.0
23,1,Discount,8,23,6,0,5.0
24,1,Discount,8,24,2,0,5.0
25,1,Discount,8,25,0,0,5.0
26,1,Discount,8,26,1,2,5.0
27,1,Discount,8,27,0,2,5.0
28,1,Discount,8,28,3,0,5.0
29,1,Discount,8,29,0,0,5.0
30,1,Discount,8,30,1,2,5.0
31,1,Discount,8,31,3,2,5.0
32,1,Discount,8,32,3,0,5.0
33,1,Discount,8,33,4,2,5.0
34,1,Discount,8,34,5,2,5.0
35,1,Discount,8,35,6,2,5.0
36,1,Discount,8,36,1,0,5.0
37,1,Discount,8,37,6,0,5.0
38,1,Discount,8,38,1,0,5.0
39,1,Discount,8,39,7,0,5.0
40,1,Discount,8,40,2,0,5.0
41,1,Discount,8,41,4,2,5.0
42,1,Discount,8,42,5,2,5.0
43,1,Discount,8,43,6,0,5.0
44,1,Discount,8,44,0,0,5.0
45,1,Discount,8,45,3,0,5.0
46,1,Discount,8,46,0,0,5.0
47,1,Discount,8,47,1,2,5.0
48,1,Discount,8,48,4,0,5.0
49,1,Discount,8,49,3,2,5.0
50,1,Discount,8,50,2,2,5.0
51,1,Discount,8,51,5,0,5.0
52,1,Discount,8,52,0,2,5.0
53,1,Discount,8,53,3,2,5.0
54,1,Discount,8,54,7,0,5.0
55,1,Discount,8,55,2,2,5.0
56,1,Discount,8,56,0,0,5.0
57,1,Discount,8,57,1,0,5.0
58,1,Discount,8,58,4,2,5.0
59,1,Discount,8,59,1,0,5.0
60,1,Discount,8,60,3,0,5.0
61,1,Discount,8,61,2,2,5.0
62,1,Discount,8,62,0,2,5.0
63,1,Discount,8,63,0,0,5.0
64,1,Discount,8,64,2,2,5.0
0,1,Discount,9,0,7,0,5.0
1,1,Discount,9,1,4,2,5.0
2,1,Discount,9,2,1,0,5.0
3,1,Discount,9,3,1,2,5.0
4,1,Discount,9,4,0,2,5.0
5,1,Discount,9,5,0,2,5.0
6,1,Discount,9,6,2,0,5.0
7,1,Discount,9,7,1,2,5.0
8,1,Discount,9,8,4,2,5.0
9,1,Discount,9,9,0,0,5.0
10,1,Discount,9,10,2,0,5.0
11,1,Discount,9,11,4,2,5.0
12,1,Discount,9,12,3,0,5.0
13,1,Discount,9,13,6,0,5.0
14,1,Discount,9,14,0,0,5.0
15,1,Discount,9,15,6,0,5.0
16,1,Discount,9,16,2,0,5.0
17,1,Discount,9,17,3,2,5.0
18,1,Discount,9,18,4,0,5.0
19,1,Discount,9,19,5,0,5.0
20,1,Discount,9,20,1,2,5.0
21,1,Discount,9,21,0,0,5.0
22,1,Discount,9,22,1,2,5.0
23,1,Discount,9,23,3,0,5.0
24,1,Discount,9,24,5,2,5.0
25,1,Discount,9,25,7,0,5.0
26,1,Discount,9,26,0,0,5.0
27,1,Discount,9,27,2,0,5.0
28,1,Discount,9,28,6,0,5.0
29,1,Discount,9,29,5,0,5.0
30,1,Discount,9,30,7,2,5.0
31,1,Discount,9,31,3,0,5.0
32,1,Discount,9,32,2,0,5.0
33,1,Discount,9,33,4,0,5.0
34,1,Discount,9,34,6,0,5.0
35,1,Discount,9,35,2,2,5.0
36,1,Discount,9,36,1,0,5.0
37,1,Discount,9,37,3,0,5.0
38,1,Discount,9,38,1,0,5.0
39,1,Discount,9,39,0,2,5.0
40,1,Discount,9,40,5,2,5.0
41,1,Discount,9,41,2,2,5.0
42,1,Discount,9,42,0,0,5.0
43,1,Discount,9,43,7,2,5.0
44,1,Discount,9,44,5,2,5.0
45,1,Discount,9,45,3,2,5.0
46,1,Discount,9,46,2,2,5.0
47,1,Discount,9,47,0,2,5.0
48,1,Discount,9,48,1,0,5.0
49,1,Discount,9,49,3,2,5.0
50,1,Discount,9,50,7,2,5.0
51,1,Discount,9,51,4,0,5.0
52,1,Discount,9,52,5,2,5.0
53,1,Discount,9,53,1,2,5.0
54,1,Discount,9,54,2,0,5.0
55,1,Discount,9,55,4,2,5.0
56,1,Discount,9,56,0,2,5.0
57,1,Discount,9,57,4,0,5.0
58,1,Discount,9,58,0,2,5.0
59,1,Discount,9,59,3,0,5.0
60,1,Discount,9,60,6,2,5.0
61,1,Discount,9,61,1,2,5.0
62,1,Discount,9,62,6,2,5.0
63,1,Discount,9,63,2,2,5.0
64,1,Discount,9,64,0,2,5.0
0,1,Discount,10,0,7,0,5.0
1,1,Discount,10,1,0,2,5.0
2,1,Discount,10,2,0,0,5.0
3,1,Discount,10,3,5,2,5.0
4,1,Discount,10,4,2,2,5.0
5,1,Discount,10,5,0,0,5.0
6,1,Discount,10,6,3,0,5.0
7,1,Discount,10,7,1,0,5.0
8,1,Discount,10,8,6,2,5.0
9,1,Discount,10,9,5,2,5.0
10,1,Discount,10,10,4,0,5.0
11,1,Discount,10,11,3,2,5.0
12,1,Discount,10,12,0,0,5.0
13,1,Discount,10,13,4,0,5.0
14,1,Discount,10,14,4,0,5.0
15,1,Discount,10,15,2,0,5.0
16,1,Discount,10,16,1,0,5.0
17,1,Discount,10,17,0,2,5.0
18,1,Discount,10,18,6,0,5.0
19,1,Discount,10,19,3,2,5.0
20,1,Discount,10,20,2,2,5.0
21,1,Discount,10,21,7,2,5.0
22,1,Discount,10,22,5,0,5.0
23,1,Discount,10,23,6,2,5.0
24,1,Discount,10,24,4,2,5.0
25,1,Discount,10,25,7,2,5.0
26,1,Discount,10,26,1,2,5.0
27,1,Discount,10,27,2,2,5.0
28,1,Discount,10,28,1,2,5.0
29,1,Discount,10,29,0,0,5.0
30,1,Discount,10,30,1,2,5.0
31,1,Discount,10,31,2,0,5.0
32,1,Discount,10,32,3,0,5.0
33,1,Discount,10,33,2,0,5.0
34,1,Discount,10,34,2,0,5.0
35,1,Discount,10,35,2,0,5.0
36,1,Discount,10,36,4,0,5.0
37,1,Discount,10,37,5,0,5.0
38,1,Discount,10,38,7,2,5.0
39,1,Discount,10,39,1,2,5.0
40,1,Discount,10,40,7,2,5.0
41,1,Discount,10,41,3,2,5.0
42,1,Discount,10,42,6,2,5.0
43,1,Discount,10,43,3,2,5.0
44,1,Discount,10,44,0,0,5.0
45,1,Discount,10,45,2,0,5.0
46,1,Discount,10,46,2,0,5.0
47,1,Discount,10,47,0,0,5.0
48,1,Discount,10,48,6,0,5.0
49,1,Discount,10,49,5,2,5.0
50,1,Discount,10,50,6,0,5.0
51,1,Discount,10,51,0,2,5.0
52,1,Discount,10,52,0,2,5.0
53,1,Discount,10,53,1,2,5.0
54,1,Discount,10,54,1,2,5.0
55,1,Discount,10,55,1,2,5.0
56,1,Discount,10,56,4,0,5.0
57,1,Discount,10,57,4,2,5.0
58,1,Discount,10,58,0,0,5.0
59,1,Discount,10,59,4,0,5.0
60,1,Discount,10,60,5,0,5.0
61,1,Discount,10,61,0,0,5.0
62,1,Discount,10,62,3,0,5.0
63,1,Discount,10,63,3,2,5.0
64,1,Discount,10,64,1,0,5.0
0,1,Discount,11,0,7,0,5.0
1,1,Discount,11,1,1,2,5.0
2,1,Discount,11,2,2,2,5.0
3,1,Discount,11,3,7,0,5.0
4,1,Discount,11,4,4,2,5.0
5,1,Discount,11,5,5,2,5.0
6,1,Discount,11,6,3,2,5.0
7,1,Discount,11,7,2,2,5.0
8,1,Discount,11,8,6,0,5.0
9,1,Discount,11,9,3,2,5.0
10,1,Discount,11,10,7,0,5.0
11,1,Discount,11,11,4,0,5.0
12,1,Discount,11,12,6,0,5.0
13,1,Discount,11,13,3,0,5.0
14,1,Discount,11,14,5,0,5.0
15,1,Discount,11,15,6,2,5.0
16,1,Discount,11,16,0,2,5.0
17,1,Discount,11,17,4,2,5.0
18,1,Discount,11,18,0,2,5.0
19,1,Discount,11,19,3,0,5.0
20,1,Discount,11,20,2,2,5.0
21,1,Discount,11,21,2,2,5.0
22,1,Discount,11,22,1,2,5.0
23,1,Discount,11,23,0,2,5.0
24,1,Discount,11,24,5,0,5.0
25,1,Discount,11,25,4,2,5.0
26,1,Discount,11,26,0,2,5.0
27,1,Discount,11,27,1,2,5.0
28,1,Discount,11,28,1,2,5.0
29,1,Discount,11,29,0,2,5.0
30,1,Discount,11,30,1,2,5.0
31,1,Discount,11,31,2,2,5.0
32,1,Discount,11,32,0,2,5.0
33,1,Discount,11,33,4,0,5.0
34,1,Discount,11,34,2,2,5.0
35,1,Discount,11,35,0,2,5.0
36,1,Discount,11,36,5,0,5.0
37,1,Discount,11,37,5,0,5.0
38,1,Discount,11,38,6,0,5.0
39,1,Discount,11,39,0,2,5.0
40,1,Discount,11,40,1,2,5.0
41,1,Discount,11,41,3,0,5.0
42,1,Discount,11,42,1,2,5.0
43,1,Discount,11,43,1,2,5.0
44,1,Discount,11,44,7,0,5.0
45,1,Discount,11,45,2,2,5.0
46,1,Discount,11,46,7,0,5.0
47,1,Discount,11,47,1,1,1.0
48,1,Discount,11,48,0,1,1.0
49,1,Discount,11,49,4,2,5.0
50,1,Discount,11,50,2,2,5.0
51,1,Discount,11,51,2,1,1.0
52,1,Discount,11,52,4,2,5.0
53,1,Discount,11,53,5,0,5.0
54,1,Discount,11,54,6,2,5.0
55,1,Discount,11,55,1,1,1.0
56,1,Discount,11,56,0,1,1.0
57,1,Discount,11,57,3,2,5.0
58,1,Discount,11,58,4,0,5.0
59,1,Discount,11,59,3,2,5.0
60,1,Discount,11,60,0,1,1.0
61,1,Discount,11,61,3,0,5.0
62,1,Discount,11,62,6,0,5.0
63,1,Discount,11,63,0,1,1.0
64,1,Discount,11,64,2,1,1.0
0,1,Discount,12,0,7,0,5.0
1,1,Discount,12,1,3,2,5.0
2,1,Discount,12,2,2,2,5.0
3,1,Discount,12,3,0,0,5.0
4,1,Discount,12,4,5,0,5.0
5,1,Discount,12,5,2,0,5.0
6,1,Discount,12,6,0,0,5.0
7,1,Discount,12,7,1,2,5.0
8,1,Discount,12,8,7,0,5.0
9,1,Discount,12,9,7,2,5.0
10,1,Discount,12,10,0,2,5.0
11,1,Discount,12,11,0,2,5.0
12,1,Discount,12,12,5,0,5.0
13,1,Discount,12,13,6,2,5.0
14,1,Discount,12,14,1,2,5.0
15,1,Discount,12,15,6,2,5.0
16,1,Discount,12,16,1,0,5.0
17,1,Discount,12,17,1,2,5.0
18,1,Discount,12,18,3,2,5.0
19,1,Discount,12,19,3,2,5.0
20,1,Discount,12,20,0,0,5.0
21,1,Discount,12,21,4,0,5.0
22,1,Discount,12,22,3,2,5.0
23,1,Discount,12,23,6,2,5.0
24,1,Discount,12,24,2,0,5.0
25,1,Discount,12,25,2,0,5.0
26,1,Discount,12,26,4,0,5.0
27,1,Discount,12,27,0,2,5.0
28,1,Discount,12,28,1,2,5.0
29,1,Discount,12,29,4,2,5.0
30,1,Discount,12,30,4,2,5.0
31,1,Discount,12,31,2,2,5.0
32,1,Discount,12,32,5,2,5.0
33,1,Discount,12,33,7,2,5.0
34,1,Discount,12,34,3,0,5.0
35,1,Discount,12,35,1,2,5.0
36,1,Discount,12,36,2,2,5.0
37,1,Discount,12,37,5,2,5.0
38,1,Discount,12,38,5,2,5.0
39,1,Discount,12,39,1,0,5.0
40,1,Discount,12,40,4,0,5.0
41,1,Discount,12,41,6,0,5.0
42,1,Discount,12,42,1,0,5.0
43,1,Discount,12,43,0,2,5.0
44,1,Discount,12,44,0,2,5.0
45,1,Discount,12,45,1,0,5.0
46,1,Discount,12,46,0,2,5.0
47,1,Discount,12,47,1,0,5.0
48,1,Discount,12,48,2,0,5.0
49,1,Discount,12,49,3,2,5.0
50,1,Discount,12,50,0,0,5.0
51,1,Discount,12,51,5,0,5.0
52,1,Discount,12,52,2,0,5.0
53,1,Discount,12,53,0,2,5.0
54,1,Discount,12,54,2,2,5.0
55,1,Discount,12,55,3,2,5.0
56,1,Discount,12,56,6,2,5.0
57,1,Discount,12,57,7,0,5.0
58,1,Discount,12,58,4,0,5.0
59,1,Discount,12,59,6,2,5.0
60,1,Discount,12,60,3,0,5.0
61,1,Discount,12,61,0,0,5.0
62,1,Discount,12,62,4,0,5.0
63,1,Discount,12,63,4,0,5.0
64,1,Discount,12,64,2,2,5.0
0,1,Discount,13,0,7,0,5.0
1,1,Discount,13,1,3,2,5.0
2,1,Discount,13,2,3,2,5.0
3,1,Discount,13,3,2,0,5.0
4,1,Discount,13,4,0,2,5.0
5,1,Discount,13,5,1,2,5.0
6,1,Discount,13,6,5,2,5.0
7,1,Discount,13,7,0,2,5.0
8,1,Discount,13,8,4,2,5.0
9,1,Discount,13,9,6,2,5.0
10,1,Discount,13,10,4,0,5.0
11,1,Discount,13,11,0,2,5.0
12,1,Discount,13,12,0,0,5.0
13,1,Discount,13,13,7,0,5.0
14,1,Discount,13,14,1,0,5.0
15,1,Discount,13,15,1,2,5.0
16,1,Discount,13,16,0,2,5.0
17,1,Discount,13,17,5,0,5.0
18,1,Discount,13,18,7,2,5.0
19,1,Discount,13,19,3,0,5.0
20,1,Discount,13,20,2,0,5.0
21,1,Discount,13,21,0,2,5.0
22,1,Discount,13,22,6,0,5.0
23,1,Discount,13,23,1,0,5.0
24,1,Discount,13,24,5,2,5.0
25,1,Discount,13,25,1,0,5.0
26,1,Discount,13,26,6,0,5.0
27,1,Discount,13,27,4,2,5.0
28,1,Discount,13,28,2,2,5.0
29,1,Discount,13,29,2,0,5.0
30,1,Discount,13,30,3,2,5.0
31,1,Discount,13,31,4,2,5.0
32,1,Discount,13,32,2,0,5.0
33,1,Discount,13,33,7,2,5.0
34,1,Discount,13,34,0,2,5.0
35,1,Discount,13,35,0,0,5.0
36,1,Discount,13,36,6,0,5.0
37,1,Discount,13,37,4,0,5.0
38,1,Discount,13,38,4,0,5.0
39,1,Discount,13,39,1,2,5.0
40,1,Discount,13,40,5,2,5.0
41,1,Discount,13,41,0,0,5.0
42,1,Discount,13,42,0,2,5.0
43,1,Discount,13,43,3,2,5.0
44,1,Discount,13,44,7,0,5.0
45,1,Discount,13,45,2,0,5.0
46,1,Discount,13,46,4,2,5.0
47,1,Discount,13,47,0,2,5.0
48,1,Discount,13,48,5,0,5.0
49,1,Discount,13,49,2,2,5.0
50,1,Discount,13,50,1,0,5.0
51,1,Discount,13,51,3,0,5.0
52,1,Discount,13,52,6,2,5.0
53,1,Discount,13,53,1,0,5.0
54,1,Discount,13,54,2,0,5.0
55,1,Discount,13,55,3,0,5.0
56,1,Discount,13,56,6,0,5.0
57,1,Discount,13,57,2,2,5.0
58,1,Discount,13,58,3,2,5.0
59,1,Discount,13,59,2,2,5.0
60,1,Discount,13,60,5,0,5.0
61,1,Discount,13,61,1,0,5.0
62,1,Discount,13,62,0,1,1.0
63,1,Discount,13,63,4,0,5.0
64,1,Discount,13,64,1,2,5.0
0,1,Discount,14,0,7,0,5.0
1,1,Discount,14,1,6,0,5.0
2,1,Discount,14,2,2,0,5.0
3,1,Discount,14,3,2,2,5.0
4,1,Discount,14,4,0,2,5.0
5,1,Discount,14,5,0,2,5.0
6,1,Discount,14,6,5,0,5.0
7,1,Discount,14,7,6,2,5.0
8,1,Discount,14,8,1,0,5.0
9,1,Discount,14,9,3,0,5.0
10,1,Discount,14,10,3,2,5.0
11,1,Discount,14,11,2,2,5.0
12,1,Discount,14,12,4,2,5.0
13,1,Discount,14,13,5,0,5.0
14,1,Discount,14,14,1,2,5.0
15,1,Discount,14,15,2,2,5.0
16,1,Discount,14,16,7,0,5.0
17,1,Discount,14,17,2,0,5.0
18,1,Discount,14,18,3,2,5.0
19,1,Discount,14,19,7,2,5.0
20,1,Discount,14,20,3,0,5.0
21,1,Discount,14,21,4,2,5.0
22,1,Discount,14,22,0,2,5.0
23,1,Discount,14,23,6,0,5.0
24,1,Discount,14,24,4,2,5.0
25,1,Discount,14,25,1,0,5.0
26,1,Discount,14,26,0,2,5.0
27,1,Discount,14,27,4,2,5.0
28,1,Discount,14,28,1,2,5.0
29,1,Discount,14,29,0,0,5.0
30,1,Discount,14,30,0,2,5.0
31,1,Discount,14,31,1,2,5.0
32,1,Discount,14,32,5,0,5.0
33,1,Discount,14,33,3,0,5.0
34,1,Discount,14,34,1,0,5.0
35,1,Discount,14,35,0,0,5.0
36,1,Discount,14,36,1,0,5.0
37,1,Discount,14,37,0,2,5.0
38,1,Discount,14,38,3,0,5.0
39,1,Discount,14,39,6,0,5.0
40,1,Discount,14,40,4,0,5.0
41,1,Discount,14,41,5,2,5.0
42,1,Discount,14,42,5,2,5.0
43,1,Discount,14,43,2,2,5.0
44,1,Discount,14,44,2,2,5.0
45,1,Discount,14,45,2,2,5.0
46,1,Discount,14,46,0,2,5.0
47,1,Discount,14,47,0,2,5.0
48,1,Discount,14,48,1,0,5.0
49,1,Discount,14,49,6,0,5.0
50,1,Discount,14,50,3,2,5.0
51,1,Discount,14,51,2,2,5.0
52,1,Discount,14,52,3,0,5.0
53,1,Discount,14,53,4,2,5.0
54,1,Discount,14,54,7,2,5.0
55,1,Discount,14,55,4,0,5.0
56,1,Discount,14,56,2,2,5.0
57,1,Discount,14,57,0,1,1.0
58,1,Discount,14,58,5,0,5.0
59,1,Discount,14,59,0,1,1.0
60,1,Discount,14,60,7,2,5.0
61,1,Discount,14,61,6,2,5.0
62,1,Discount,14,62,4,0,5.0
63,1,Discount,14,63,1,2,5.0
64,1,Discount,14,64,1,0,5.0
0,1,Discount,15,0,7,0,5.0
1,1,Discount,15,1,0,2,5.0
2,1,Discount,15,2,0,0,5.0
3,1,Discount,15,3,2,2,5.0
4,1,Discount,15,4,3,0,5.0
5,1,Discount,15,5,1,0,5.0
6,1,Discount,15,6,4,0,5.0
7,1,Discount,15,7,2,2,5.0
8,1,Discount,15,8,1,0,5.0
9,1,Discount,15,9,3,2,5.0
10,1,Discount,15,10,6,0,5.0
11,1,Discount,15,11,1,2,5.0
12,1,Discount,15,12,7,0,5.0
13,1,Discount,15,13,6,0,5.0
14,1,Discount,15,14,0,2,5.0
15,1,Discount,15,15,3,0,5.0
16,1,Discount,15,16,0,0,5.0
17,1,Discount,15,17,2,0,5.0
18,1,Discount,15,18,2,0,5.0
19,1,Discount,15,19,4,2,5.0
20,1,Discount,15,20,5,2,5.0
21,1,Discount,15,21,4,0,5.0
22,1,Discount,15,22,1,0,5.0
23,1,Discount,15,23,1,2,5.0
24,1,Discount,15,24,5,2,5.0
25,1,Discount,15,25,3,0,5.0
26,1,Discount,15,26,0,2,5.0
27,1,Discount,15,27,7,2,5.0
28,1,Discount,15,28,5,2,5.0
29,1,Discount,15,29,0,0,5.0
30,1,Discount,15,30,4,0,5.0
31,1,Discount,15,31,6,2,5.0
32,1,Discount,15,32,2,0,5.0
33,1,Discount,15,33,6,0,5.0
34,1,Discount,15,34,0,0,5.0
35,1,Discount,15,35,7,2,5.0
36,1,Discount,15,36,4,0,5.0
37,1,Discount,15,37,7,2,5.0
38,1,Discount,15,38,2,0,5.0
39,1,Discount,15,39,0,0,5.0
40,1,Discount,15,40,6,2,5.0
41,1,Discount,15,41,4,2,5.0
42,1,Discount,15,42,6,0,5.0
43,1,Discount,15,43,5,2,5.0
44,1,Discount,15,44,2,0,5.0
45,1,Discount,15,45,1,0,5.0
46,1,Discount,15,46,3,2,5.0
47,1,Discount,15,47,5,0,5.0
48,1,Discount,15,48,4,2,5.0
49,1,Discount,15,49,2,2,5.0
50,1,Discount,15,50,1,2,5.0
51,1,Discount,15,51,3,0,5.0
52,1,Discount,15,52,4,0,5.0
53,1,Discount,15,53,0,2,5.0
54,1,Discount,15,54,3,0,5.0
55,1,Discount,15,55,1,2,5.0
56,1,Discount,15,56,5,2,5.0
57,1,Discount,15,57,0,0,5.0
58,1,Discount,15,58,1,2,5.0
59,1,Discount,15,59,3,2,5.0
60,1,Discount,15,60,0,2,5.0
61,1,Discount,15,61,1,2,5.0
62,1,Discount,15,62,2,0,5.0
63,1,Discount,15,63,0,0,5.0
64,1,Discount,15,64,2,0,5.0
0,1,Discount,16,0,7,0,5.0
1,1,Discount,16,1,5,2,5.0
2,1,Discount,16,2,1,2,5.0
3,1,Discount,16,3,2,2,5.0
4,1,Discount,16,4,6,0,5.0
5,1,Discount,16,5,3,0,5.0
6,1,Discount,16,6,3,0,5.0
7,1,Discount,16,7,0,0,5.0
8,1,Discount,16,8,2,0,5.0
9,1,Discount,16,9,0,0,5.0
10,1,Discount,16,10,3,2,5.0
11,1,Discount,16,11,7,2,5.0
12,1,Discount,16,12,0,0,5.0
13,1,Discount,16,13,3,0,5.0
14,1,Discount,16,14,1,2,5.0
15,1,Discount,16,15,0,0,5.0
16,1,Discount,16,16,2,2,5.0
17,1,Discount,16,17,4,2,5.0
18,1,Discount,16,18,4,0,5.0
19,1,Discount,16,19,6,2,5.0
20,1,Discount,16,20,0,2,5.0
21,1,Discount,16,21,2,2,5.0
22,1,Discount,16,22,6,0,5.0
23,1,Discount,16,23,4,0,5.0
24,1,Discount,16,24,7,2,5.0
25,1,Discount,16,25,4,2,5.0
26,1,Discount,16,26,5,0,5.0
27,1,Discount,16,27,5,2,5.0
28,1,Discount,16,28,1,0,5.0
29,1,Discount,16,29,0,0,5.0
30,1,Discount,16,30,1,2,5.0
31,1,Discount,16,31,2,2,5.0
32,1,Discount,16,32,1,0,5.0
33,1,Discount,16,33,3,0,5.0
34,1,Discount,16,34,1,0,5.0
35,1,Discount,16,35,1,2,5.0
36,1,Discount,16,36,5,2,5.0
37,1,Discount,16,37,0,0,5.0
38,1,Discount,16,38,2,0,5.0
39,1,Discount,16,39,0,2,5.0
40,1,Discount,16,40,7,2,5.0
41,1,Discount,16,41,3,2,5.0
42,1,Discount,16,42,2,0,5.0
43,1,Discount,16,43,1,2,5.0
44,1,Discount,16,44,6,0,5.0
45,1,Discount,16,45,4,0,5.0
46,1,Discount,16,46,3,0,5.0
47,1,Discount,16,47,0,2,5.0
48,1,Discount,16,48,2,2,5.0
49,1,Discount,16,49,5,2,5.0
50,1,Discount,16,50,6,2,5.0
51,1,Discount,16,51,4,0,5.0
52,1,Discount,16,52,2,2,5.0
53,1,Discount,16,53,1,0,5.0
54,1,Discount,16,54,2,2,5.0
55,1,Discount,16,55,7,0,5.0
56,1,Discount,16,56,1,2,5.0
57,1,Discount,16,57,4,2,5.0
58,1,Discount,16,58,4,2,5.0
59,1,Discount,16,59,0,2,5.0
60,1,Discount,16,60,3,2,5.0
61,1,Discount,16,61,0,0,5.0
62,1,Discount,16,62,6,0,5.0
63,1,Discount,16,63,0,0,5.0
64,1,Discount,16,64,5,2,5.0
0,1,Discount,17,0,7,2,5.0
1,1,Discount,17,1,4,0,5.0
2,1,Discount,17,2,6,2,5.0
3,1,Discount,17,3,6,2,5.0
4,1,Discount,17,4,0,2,5.0
5,1,Discount,17,5,0,2,5.0
6,1,Discount,17,6,6,0,5.0
7,1,Discount,17,7,4,2,5.0
8,1,Discount,17,8,1,0,5.0
9,1,Discount,17,9,2,0,5.0
10,1,Discount,17,10,5,0,5.0
11,1,Discount,17,11,3,0,5.0
12,1,Discount,17,12,3,2,5.0
13,1,Discount,17,13,1,0,5.0
14,1,Discount,17,14,0,2,5.0
15,1,Discount,17,15,2,2,5.0
16,1,Discount,17,16,2,2,5.0
17,1,Discount,17,17,0,2,5.0
18,1,Discount,17,18,1,0,5.0
19,1,Discount,17,19,3,0,5.0
20,1,Discount,17,20,7,2,5.0
21,1,Discount,17,21,2,0,5.0
22,1,Discount,17,22,0,0,5.0
23,1,Discount,17,23,1,0,5.0
24,1,Discount,17,24,4,2,5.0
25,1,Discount,17,25,1,0,5.0
26,1,Discount,17,26,2,2,5.0
27,1,Discount,17,27,0,2,5.0
28,1,Discount,17,28,3,2,5.0
29,1,Discount,17,29,5,2,5.0
30,1,Discount,17,30,7,0,5.0
31,1,Discount,17,31,4,0,5.0
32,1,Discount,17,32,5,2,5.0
33,1,Discount,17,33,4,0,5.0
34,1,Discount,17,34,7,0,5.0
35,1,Discount,17,35,2,0,5.0
36,1,Discount,17,36,3,2,5.0
37,1,Discount,17,37,2,0,5.0
38,1,Discount,17,38,0,0,5.0
39,1,Discount,17,39,7,2,5.0
40,1,Discount,17,40,5,2,5.0
41,1,Discount,17,41,2,0,5.0
42,1,Discount,17,42,4,0,5.0
43,1,Discount,17,43,1,2,5.0
44,1,Discount,17,44,6,2,5.0
45,1,Discount,17,45,0,2,5.0
46,1,Discount,17,46,6,0,5.0
47,1,Discount,17,47,1,2,5.0
48,1,Discount,17,48,2,0,5.0
49,1,Discount,17,49,0,2,5.0
50,1,Discount,17,50,2,2,5.0
51,1,Discount,17,51,4,2,5.0
52,1,Discount,17,52,5,0,5.0
53,1,Discount,17,53,5,2,5.0
54,1,Discount,17,54,0,2,5.0
55,1,Discount,17,55,3,2,5.0
56,1,Discount,17,56,0,1,1.0
57,1,Discount,17,57,1,0,5.0
58,1,Discount,17,58,3,0,5.0
59,1,Discount,17,59,0,1,1.0
60,1,Discount,17,60,1,0,5.0
61,1,Discount,17,61,6,0,5.0
62,1,Discount,17,62,3,2,5.0
63,1,Discount,17,63,4,2,5.0
64,1,Discount,17,64,1,2,5.0
0,1,Discount,18,0,7,2,5.0
1,1,Discount,18,1,6,0,5.0
2,1,Discount,18,2,7,0,5.0
3,1,Discount,18,3,2,0,5.0
4,1,Discount,18,4,1,0,5.0
5,1,Discount,18,5,5,2,5.0
6,1,Discount,18,6,5,0,5.0
7,1,Discount,18,7,0,0,5.0
8,1,Discount,18,8,6,2,5.0
9,1,Discount,18,9,3,0,5.0
10,1,Discount,18,10,4,2,5.0
11,1,Discount,18,11,5,0,5.0
12,1,Discount,18,12,0,0,5.0
13,1,Discount,18,13,3,0,5.0
14,1,Discount,18,14,6,0,5.0
15,1,Discount,18,15,3,0,5.0
16,1,Discount,18,16,0,2,5.0
17,1,Discount,18,17,1,2,5.0
18,1,Discount,18,18,0,0,5.0
19,1,Discount,18,19,2,2,5.0
20,1,Discount,18,20,2,2,5.0
21,1,Discount,18,21,4,2,5.0
22,1,Discount,18,22,1,0,5.0
23,1,Discount,18,23,1,0,5.0
24,1,Discount,18,24,0,2,5.0
25,1,Discount,18,25,4,2,5.0
26,1,Discount,18,26,2,2,5.0
27,1,Discount,18,27,0,2,5.0
28,1,Discount,18,28,1,2,5.0
29,1,Discount,18,29,4,2,5.0
30,1,Discount,18,30,3,0,5.0
31,1,Discount,18,31,7,0,5.0
32,1,Discount,18,32,2,2,5.0
33,1,Discount,18,33,3,0,5.0
34,1,Discount,18,34,1,2,5.0
35,1,Discount,18,35,1,0,5.0
36,1,Discount,18,36,2,0,5.0
37,1,Discount,18,37,4,0,5.0
38,1,Discount,18,38,0,2,5.0
39,1,Discount,18,39,6,2,5.0
40,1,Discount,18,40,5,0,5.0
41,1,Discount,18,41,6,0,5.0
42,1,Discount,18,42,5,2,5.0
43,1,Discount,18,43,3,0,5.0
44,1,Discount,18,44,4,2,5.0
45,1,Discount,18,45,1,0,5.0
46,1,Discount,18,46,4,2,5.0
47,1,Discount,18,47,2,0,5.0
48,1,Discount,18,48,7,2,5.0
49,1,Discount,18,49,1,0,5.0
50,1,Discount,18,50,1,2,5.0
51,1,Discount,18,51,2,0,5.0
52,1,Discount,18,52,4,0,5.0
53,1,Discount,18,53,0,2,5.0
54,1,Discount,18,54,5,0,5.0
55,1,Discount,18,55,7,2,5.0
56,1,Discount,18,56,0,0,5.0
57,1,Discount,18,57,0,0,5.0
58,1,Discount,18,58,6,2,5.0
59,1,Discount,18,59,0,2,5.0
60,1,Discount,18,60,0,2,5.0
61,1,Discount,18,61,3,0,5.0
62,1,Discount,18,62,3,2,5.0
63,1,Discount,18,63,2,0,5.0
64,1,Discount,18,64,2,0,5.0
0,1,Discount,19,0,7,0,5.0
1,1,Discount,19,1,3,0,5.0
2,1,Discount,19,2,1,2,5.0
3,1,Discount,19,3,2,0,5.0
4,1,Discount,19,4,4,0,5.0
5,1,Discount,19,5,1,0,5.0
6,1,Discount,19,6,4,2,5.0
7,1,Discount,19,7,5,2,5.0
8,1,Discount,19,8,3,2,5.0
9,1,Discount,19,9,4,0,5.0
10,1,Discount,19,10,7,2,5.0
11,1,Discount,19,11,6,2,5.0
12,1,Discount,19,12,0,0,5.0
13,1,Discount,19,13,0,2,5.0
14,1,Discount,19,14,6,0,5.0
15,1,Discount,19,15,6,0,5.0
16,1,Discount,19,16,0,0,5.0
17,1,Discount,19,17,2,2,5.0
18,1,Discount,19,18,0,0,5.0
19,1,Discount,19,19,5,2,5.0
20,1,Discount,19,20,5,2,5.0
21,1,Discount,19,21,0,0,5.0
22,1,Discount,19,22,1,2,5.0
23,1,Discount,19,23,3,0,5.0
24,1,Discount,19,24,1,0,5.0
25,1,Discount,19,25,2,2,5.0
26,1,Discount,19,26,7,2,5.0
27,1,Discount,19,27,4,2,5.0
28,1,Discount,19,28,2,0,5.0
29,1,Discount,19,29,0,0,5.0
30,1,Discount,19,30,3,0,5.0
31,1,Discount,19,31,1,2,5.0
32,1,Discount,19,32,2,0,5.0
33,1,Discount,19,33,5,2,5.0
34,1,Discount,19,34,2,0,5.0
35,1,Discount,19,35,2,2,5.0
36,1,Discount,19,36,5,2,5.0
37,1,Discount,19,37,0,0,5.0
38,1,Discount,19,38,4,2,5.0
39,1,Discount,19,39,7,0,5.0
40,1,Discount,19,40,3,2,5.0
41,1,Discount,19,41,1,0,5.0
42,1,Discount,19,42,4,0,5.0
43,1,Discount,19,43,1,2,5.0
44,1,Discount,19,44,6,2,5.0
45,1,Discount,19,45,0,0,5.0
46,1,Discount,19,46,1,0,5.0
47,1,Discount,19,47,5,2,5.0
48,1,Discount,19,48,4,0,5.0
49,1,Discount,19,49,2,0,5.0
50,1,Discount,19,50,3,2,5.0
51,1,Discount,19,51,0,0,5.0
52,1,Discount,19,52,0,2,5.0
53,1,Discount,19,53,3,2,5.0
54,1,Discount,19,54,6,0,5.0
55,1,Discount,19,55,6,2,5.0
56,1,Discount,19,56,1,0,5.0
57,1,Discount,19,57,3,0,5.0
58,1,Discount,19,58,0,0,5.0
59,1,Discount,19,59,0,2,5.0
60,1,Discount,19,60,7,0,5.0
61,1,Discount,19,61,1,2,5.0
62,1,Discount,19,62,2,0,5.0
63,1,Discount,19,63,2,2,5.0
64,1,Discount,19,64,4,0,5.0
0,1,Discount,20,0,7,2,5.0
1,1,Discount,20,1,3,2,5.0
2,1,Discount,20,2,4,2,5.0
3,1,Discount,20,3,2,0,5.0
4,1,Discount,20,4,2,0,5.0
5,1,Discount,20,5,7,2,5.0
6,1,Discount,20,6,6,2,5.0
7,1,Discount,20,7,6,2,5.0
8,1,Discount,20,8,4,0,5.0
9,1,Discount,20,9,2,0,5.0
10,1,Discount,20,10,2,0,5.0
11,1,Discount,20,11,3,0,5.0
12,1,Discount,20,12,1,0,5.0
13,1,Discount,20,13,0,2,5.0
14,1,Discount,20,14,5,2,5.0
15,1,Discount,20,15,5,2,5.0
16,1,Discount,20,16,2,0,5.0
17,1,Discount,20,17,5,0,5.0
18,1,Discount,20,18,0,2,5.0
19,1,Discount,20,19,6,0,5.0
20,1,Discount,20,20,1,2,5.0
21,1,Discount,20,21,4,2,5.0
22,1,Discount,20,22,3,0,5.0
23,1,Discount,20,23,1,2,5.0
24,1,Discount,20,24,4,0,5.0
25,1,Discount,20,25,0,0,5.0
26,1,Discount,20,26,7,2,5.0
27,1,Discount,20,27,0,2,5.0
28,1,Discount,20,28,0,0,5.0
29,1,Discount,20,29,1,0,5.0
30,1,Discount,20,30,1,2,5.0
31,1,Discount,20,31,3,2,5.0
32,1,Discount,20,32,0,2,5.0
33,1,Discount,20,33,3,2,5.0
34,1,Discount,20,34,1,0,5.0
35,1,Discount,20,35,2,0,5.0
36,1,Discount,20,36,6,2,5.0
37,1,Discount,20,37,1,0,5.0
38,1,Discount,20,38,7,2,5.0
39,1,Discount,20,39,3,2,5.0
40,1,Discount,20,40,1,2,5.0
41,1,Discount,20,41,0,0,5.0
42,1,Discount,20,42,6,0,5.0
43,1,Discount,20,43,0,2,5.0
44,1,Discount,20,44,7,0,5.0
45,1,Discount,20,45,3,2,5.0
46,1,Discount,20,46,4,2,5.0
47,1,Discount,20,47,5,0,5.0
48,1,Discount,20,48,0,0,5.0
49,1,Discount,20,49,6,2,5.0
50,1,Discount,20,50,1,2,5.0
51,1,Discount,20,51,4,0,5.0
52,1,Discount,20,52,5,0,5.0
53,1,Discount,20,53,4,0,5.0
54,1,Discount,20,54,0,2,5.0
55,1,Discount,20,55,3,2,5.0
56,1,Discount,20,56,2,0,5.0
57,1,Discount,20,57,1,2,5.0
58,1,Discount,20,58,2,0,5.0
59,1,Discount,20,59,4,0,5.0
60,1,Discount,20,60,2,0,5.0
61,1,Discount,20,61,0,0,5.0
62,1,Discount,20,62,5,2,5.0
63,1,Discount,20,63,2,0,5.0
64,1,Discount,20,64,0,2,5.0
0,1,Discount,21,0,7,2,5.0
1,1,Discount,21,1,2,0,5.0
2,1,Discount,21,2,1,2,5.0
3,1,Discount,21,3,0,0,5.0
4,1,Discount,21,4,7,2,5.0
5,1,Discount,21,5,5,2,5.0
6,1,Discount,21,6,2,2,5.0
7,1,Discount,21,7,4,0,5.0
8,1,Discount,21,8,0,0,5.0
9,1,Discount,21,9,2,2,5.0
10,1,Discount,21,10,6,2,5.0
11,1,Discount,21,11,3,0,5.0
12,1,Discount,21,12,4,0,5.0
13,1,Discount,21,13,4,0,5.0
14,1,Discount,21,14,1,2,5.0
15,1,Discount,21,15,3,0,5.0
16,1,Discount,21,16,3,2,5.0
17,1,Discount,21,17,6,2,5.0
18,1,Discount,21,18,0,0,5.0
19,1,Discount,21,19,6,0,5.0
20,1,Discount,21,20,1,2,5.0
21,1,Discount,21,21,1,0,5.0
22,1,Discount,21,22,0,2,5.0
23,1,Discount,21,23,0,2,5.0
24,1,Discount,21,24,5,2,5.0
25,1,Discount,21,25,2,0,5.0
26,1,Discount,21,26,4,0,5.0
27,1,Discount,21,27,7,2,5.0
28,1,Discount,21,28,5,0,5.0
29,1,Discount,21,29,0,2,5.0
30,1,Discount,21,30,1,2,5.0
31,1,Discount,21,31,2,0,5.0
32,1,Discount,21,32,3,0,5.0
33,1,Discount,21,33,0,2,5.0
34,1,Discount,21,34,5,2,5.0
35,1,Discount,21,35,2,0,5.0
36,1,Discount,21,36,3,0,5.0
37,1,Discount,21,37,0,0,5.0
38,1,Discount,21,38,1,2,5.0
39,1,Discount,21,39,2,2,5.0
40,1,Discount,21,40,5,0,5.0
41,1,Discount,21,41,3,0,5.0
42,1,Discount,21,42,2,2,5.0
43,1,Discount,21,43,6,2,5.0
44,1,Discount,21,44,6,0,5.0
45,1,Discount,21,45,2,2,5.0
46,1,Discount,21,46,4,2,5.0
47,1,Discount,21,47,7,2,5.0
48,1,Discount,21,48,0,2,5.0
49,1,Discount,21,49,4,0,5.0
50,1,Discount,21,50,1,0,5.0
51,1,Discount,21,51,6,0,5.0
52,1,Discount,21,52,3,0,5.0
53,1,Discount,21,53,5,2,5.0
54,1,Discount,21,54,1,2,5.0
55,1,Discount,21,55,0,2,5.0
56,1,Discount,21,56,4,0,5.0
57,1,Discount,21,57,1,0,5.0
58,1,Discount,21,58,2,0,5.0
59,1,Discount,21,59,0,2,5.0
60,1,Discount,21,60,4,0,5.0
61,1,Discount,21,61,0,0,5.0
62,1,Discount,21,62,1,0,5.0
63,1,Discount,21,63,3,0,5.0
64,1,Discount,21,64,7,0,5.0
0,1,Discount,22,0,7,0,5.0
1,1,Discount,22,1,7,2,5.0
2,1,Discount,22,2,6,2,5.0
3,1,Discount,22,3,1,0,5.0
4,1,Discount,22,4,1,0,5.0
5,1,Discount,22,5,1,0,5.0
6,1,Discount,22,6,7,0,5.0
7,1,Discount,22,7,2,2,5.0
8,1,Discount,22,8,0,2,5.0
9,1,Discount,22,9,0,2,5.0
10,1,Discount,22,10,2,2,5.0
11,1,Discount,22,11,5,2,5.0
12,1,Discount,22,12,2,2,5.0
13,1,Discount,22,13,0,2,5.0
14,1,Discount,22,14,3,0,5.0
15,1,Discount,22,15,5,0,5.0
16,1,Discount,22,16,4,2,5.0
17,1,Discount,22,17,0,0,5.0
18,1,Discount,22,18,3,2,5.0
19,1,Discount,22,19,0,2,5.0
20,1,Discount,22,20,2,0,5.0
21,1,Discount,22,21,1,0,5.0
22,1,Discount,22,22,6,0,5.0
23,1,Discount,22,23,4,2,5.0
24,1,Discount,22,24,0,2,5.0
25,1,Discount,22,25,3,0,5.0
26,1,Discount,22,26,3,2,5.0
27,1,Discount,22,27,6,0,5.0
28,1,Discount,22,28,1,2,5.0
29,1,Discount,22,29,2,0,5.0
30,1,Discount,22,30,4,2,5.0
31,1,Discount,22,31,4,0,5.0
32,1,Discount,22,32,5,0,5.0
33,1,Discount,22,33,3,0,5.0
34,1,Discount,22,34,0,0,5.0
35,1,Discount,22,35,4,0,5.0
36,1,Discount,22,36,4,2,5.0
37,1,Discount,22,37,6,0,5.0
38,1,Discount,22,38,4,0,5.0
39,1,Discount,22,39,2,0,5.0
40,1,Discount,22,40,1,0,5.0
41,1,Discount,22,41,6,0,5.0
42,1,Discount,22,42,0,2,5.0
43,1,Discount,22,43,4,0,5.0
44,1,Discount,22,44,6,0,5.0
45,1,Discount,22,45,3,2,5.0
46,1,Discount,22,46,2,0,5.0
47,1,Discount,22,47,3,0,5.0
48,1,Discount,22,48,5,2,5.0
49,1,Discount,22,49,1,0,5.0
50,1,Discount,22,50,7,2,5.0
51,1,Discount,22,51,5,0,5.0
52,1,Discount,22,52,2,0,5.0
53,1,Discount,22,53,0,2,5.0
54,1,Discount,22,54,3,2,5.0
55,1,Discount,22,55,0,2,5.0
56,1,Discount,22,56,5,2,5.0
57,1,Discount,22,57,0,1,1.0
58,1,Discount,22,58,1,0,5.0
59,1,Discount,22,59,2,0,5.0
60,1,Discount,22,60,1,2,5.0
61,1,Discount,22,61,1,2,5.0
62,1,Discount,22,62,7,0,5.0
63,1,Discount,22,63,0,1,1.0
64,1,Discount,22,64,2,0,5.0
0,1,Discount,23,0,7,2,5.0
1,1,Discount,23,1,2,2,5.0
2,1,Discount,23,2,2,0,5.0
3,1,Discount,23,3,4,0,5.0
4,1,Discount,23,4,1,0,5.0
5,1,Discount,23,5,1,0,5.0
6,1,Discount,23,6,4,2,5.0
7,1,Discount,23,7,1,2,5.0
8,1,Discount,23,8,1,0,5.0
9,1,Discount,23,9,0,0,5.0
10,1,Discount,23,10,5,2,5.0
11,1,Discount,23,11,6,2,5.0
12,1,Discount,23,12,3,2,5.0
13,1,Discount,23,13,0,0,5.0
14,1,Discount,23,14,0,2,5.0
15,1,Discount,23,15,2,0,5.0
16,1,Discount,23,16,0,0,5.0
17,1,Discount,23,17,6,0,5.0
18,1,Discount,23,18,3,0,5.0
19,1,Discount,23,19,7,0,5.0
20,1,Discount,23,20,0,2,5.0
21,1,Discount,23,21,7,2,5.0
22,1,Discount,23,22,1,2,5.0
23,1,Discount,23,23,4,2,5.0
24,1,Discount,23,24,6,0,5.0
25,1,Discount,23,25,0,2,5.0
26,1,Discount,23,26,2,2,5.0
27,1,Discount,23,27,3,2,5.0
28,1,Discount,23,28,2,2,5.0
29,1,Discount,23,29,5,2,5.0
30,1,Discount,23,30,3,0,5.0
31,1,Discount,23,31,5,2,5.0
32,1,Discount,23,32,4,2,5.0
33,1,Discount,23,33,0,2,5.0
34,1,Discount,23,34,6,2,5.0
35,1,Discount,23,35,5,0,5.0
36,1,Discount,23,36,5,2,5.0
37,1,Discount,23,37,3,0,5.0
38,1,Discount,23,38,2,0,5.0
39,1,Discount,23,39,4,2,5.0
40,1,Discount,23,40,1,0,5.0
41,1,Discount,23,41,5,2,5.0
42,1,Discount,23,42,0,2,5.0
43,1,Discount,23,43,0,2,5.0
44,1,Discount,23,44,2,0,5.0
45,1,Discount,23,45,4,2,5.0
46,1,Discount,23,46,7,2,5.0
47,1,Discount,23,47,1,0,5.0
48,1,Discount,23,48,4,2,5.0
49,1,Discount,23,49,2,0,5.0
50,1,Discount,23,50,6,0,5.0
51,1,Discount,23,51,3,0,5.0
52,1,Discount,23,52,1,2,5.0
53,1,Discount,23,53,0,2,5.0
54,1,Discount,23,54,6,0,5.0
55,1,Discount,23,55,3,2,5.0
56,1,Discount,23,56,1,0,5.0
57,1,Discount,23,57,0,2,5.0
58,1,Discount,23,58,1,0,5.0
59,1,Discount,23,59,2,0,5.0
60,1,Discount,23,60,2,2,5.0
61,1,Discount,23,61,0,1,1.0
62,1,Discount,23,62,4,2,5.0
63,1,Discount,23,63,7,2,5.0
64,1,Discount,23,64,3,0,5.0
0,1,Discount,24,0,7,0,5.0
1,1,Discount,24,1,0,0,5.0
2,1,Discount,24,2,7,0,5.0
3,1,Discount,24,3,6,0,5.0
4,1,Discount,24,4,4,2,5.0
5,1,Discount,24,5,3,0,5.0
6,1,Discount,24,6,3,0,5.0
7,1,Discount,24,7,5,2,5.0
8,1,Discount,24,8,4,2,5.0
9,1,Discount,24,9,0,0,5.0
10,1,Discount,24,10,2,2,5.0
11,1,Discount,24,11,3,2,5.0
12,1,Discount,24,12,5,2,5.0
13,1,Discount,24,13,1,2,5.0
14,1,Discount,24,14,4,0,5.0
15,1,Discount,24,15,5,2,5.0
16,1,Discount,24,16,2,2,5.0
17,1,Discount,24,17,0,2,5.0
18,1,Discount,24,18,0,2,5.0
19,1,Discount,24,19,6,0,5.0
20,1,Discount,24,20,2,2,5.0
21,1,Discount,24,21,1,2,5.0
22,1,Discount,24,22,1,2,5.0
23,1,Discount,24,23,2,2,5.0
24,1,Discount,24,24,0,2,5.0
25,1,Discount,24,25,4,2,5.0
26,1,Discount,24,26,3,0,5.0
27,1,Discount,24,27,0,2,5.0
28,1,Discount,24,28,6,2,5.0
29,1,Discount,24,29,2,2,5.0
30,1,Discount,24,30,7,0,5.0
31,1,Discount,24,31,1,2,5.0
32,1,Discount,24,32,1,2,5.0
33,1,Discount,24,33,1,2,5.0
34,1,Discount,24,34,0,2,5.0
35,1,Discount,24,35,4,2,5.0
36,1,Discount,24,36,0,2,5.0
37,1,Discount,24,37,2,2,5.0
38,1,Discount,24,38,4,2,5.0
39,1,Discount,24,39,5,2,5.0
40,1,Discount,24,40,2,2,5.0
41,1,Discount,24,41,6,0,5.0
42,1,Discount,24,42,3,0,5.0
43,1,Discount,24,43,1,2,5.0
44,1,Discount,24,44,1,2,5.0
45,1,Discount,24,45,1,1,1.0
46,1,Discount,24,46,2,2,5.0
47,1,Discount,24,47,7,0,5.0
48,1,Discount,24,48,2,1,1.0
49,1,Discount,24,49,3,2,5.0
50,1,Discount,24,50,6,0,5.0
51,1,Discount,24,51,1,1,1.0
52,1,Discount,24,52,0,2,5.0
53,1,Discount,24,53,3,2,5.0
54,1,Discount,24,54,2,1,1.0
55,1,Discount,24,55,4,0,5.0
56,1,Discount,24,56,4,2,5.0
57,1,Discount,24,57,5,2,5.0
58,1,Discount,24,58,6,2,5.0
59,1,Discount,24,59,0,2,5.0
60,1,Discount,24,60,5,0,5.0
61,1,Discount,24,61,0,1,1.0
62,1,Discount,24,62,0,1,1.0
63,1,Discount,24,63,3,0,5.0
64,1,Discount,24,64,7,0,5.0
0,1,Discount,25,0,7,2,5.0
1,1,Discount,25,1,0,2,5.0
2,1,Discount,25,2,6,2,5.0
3,1,Discount,25,3,4,2,5.0
4,1,Discount,25,4,3,2,5.0
5,1,Discount,25,5,0,2,5.0
6,1,Discount,25,6,4,0,5.0
7,1,Discount,25,7,5,0,5.0
8,1,Discount,25,8,3,2,5.0
9,1,Discount,25,9,0,2,5.0
10,1,Discount,25,10,5,0,5.0
11,1,Discount,25,11,3,0,5.0
12,1,Discount,25,12,7,2,5.0
13,1,Discount,25,13,3,2,5.0
14,1,Discount,25,14,1,2,5.0
15,1,Discount,25,15,2,0,5.0
16,1,Discount,25,16,6,2,5.0
17,1,Discount,25,17,4,2,5.0
18,1,Discount,25,18,2,2,5.0
19,1,Discount,25,19,1,0,5.0
20,1,Discount,25,20,2,0,5.0
21,1,Discount,25,21,1,2,5.0
22,1,Discount,25,22,2,0,5.0
23,1,Discount,25,23,0,2,5.0
24,1,Discount,25,24,0,2,5.0
25,1,Discount,25,25,6,0,5.0
26,1,Discount,25,26,2,2,5.0
27,1,Discount,25,27,4,0,5.0
28,1,Discount,25,28,5,2,5.0
29,1,Discount,25,29,1,2,5.0
30,1,Discount,25,30,7,2,5.0
31,1,Discount,25,31,0,2,5.0
32,1,Discount,25,32,1,0,5.0
33,1,Discount,25,33,6,2,5.0
34,1,Discount,25,34,1,2,5.0
35,1,Discount,25,35,5,0,5.0
36,1,Discount,25,36,3,0,5.0
37,1,Discount,25,37,5,0,5.0
38,1,Discount,25,38,4,2,5.0
39,1,Discount,25,39,0,2,5.0
40,1,Discount,25,40,4,0,5.0
41,1,Discount,25,41,0,2,5.0
42,1,Discount,25,42,0,1,1.0
43,1,Discount,25,43,6,2,5.0
44,1,Discount,25,44,1,2,5.0
45,1,Discount,25,45,2,2,5.0
46,1,Discount,25,46,7,0,5.0
47,1,Discount,25,47,4,2,5.0
48,1,Discount,25,48,2,2,5.0
49,1,Discount,25,49,1,0,5.0
50,1,Discount,25,50,6,2,5.0
51,1,Discount,25,51,4,2,5.0
52,1,Discount,25,52,3,0,5.0
53,1,Discount,25,53,2,0,5.0
54,1,Discount,25,54,3,0,5.0
55,1,Discount,25,55,3,2,5.0
56,1,Discount,25,56,1,2,5.0
57,1,Discount,25,57,7,2,5.0
58,1,Discount,25,58,2,0,5.0
59,1,Discount,25,59,2,0,5.0
60,1,Discount,25,60,1,0,5.0
61,1,Discount,25,61,0,1,1.0
62,1,Discount,25,62,0,1,1.0
63,1,Discount,25,63,5,0,5.0
64,1,Discount,25,64,0,1,1.0
0,1,Discount,26,0,7,2,5.0
1,1,Discount,26,1,6,2,5.0
2,1,Discount,26,2,7,0,5.0
3,1,Discount,26,3,3,2,5.0
4,1,Discount,26,4,0,2,5.0
5,1,Discount,26,5,0,2,5.0
6,1,Discount,26,6,1,2,5.0
7,1,Discount,26,7,4,0,5.0
8,1,Discount,26,8,1,0,5.0
9,1,Discount,26,9,0,2,5.0
10,1,Discount,26,10,6,2,5.0
11,1,Discount,26,11,4,0,5.0
12,1,Discount,26,12,2,0,5.0
13,1,Discount,26,13,2,2,5.0
14,1,Discount,26,14,7,0,5.0
15,1,Discount,26,15,2,2,5.0
16,1,Discount,26,16,4,2,5.0
17,1,Discount,26,17,1,2,5.0
18,1,Discount,26,18,5,0,5.0
19,1,Discount,26,19,4,2,5.0
20,1,Discount,26,20,5,0,5.0
21,1,Discount,26,21,3,2,5.0
22,1,Discount,26,22,3,2,5.0
23,1,Discount,26,23,2,0,5.0
24,1,Discount,26,24,3,2,5.0
25,1,Discount,26,25,2,2,5.0
26,1,Discount,26,26,1,2,5.0
27,1,Discount,26,27,6,0,5.0
28,1,Discount,26,28,5,0,5.0
29,1,Discount,26,29,1,2,5.0
30,1,Discount,26,30,0,2,5.0
31,1,Discount,26,31,0,2,5.0
32,1,Discount,26,32,0,2,5.0
33,1,Discount,26,33,3,2,5.0
34,1,Discount,26,34,2,2,5.0
35,1,Discount,26,35,3,0,5.0
36,1,Discount,26,36,0,2,5.0
37,1,Discount,26,37,7,2,5.0
38,1,Discount,26,38,2,0,5.0
39,1,Discount,26,39,2,2,5.0
40,1,Discount,26,40,6,0,5.0
41,1,Discount,26,41,3,0,5.0
42,1,Discount,26,42,1,2,5.0
43,1,Discount,26,43,4,0,5.0
44,1,Discount,26,44,7,0,5.0
45,1,Discount,26,45,1,2,5.0
46,1,Discount,26,46,0,2,5.0
47,1,Discount,26,47,6,0,5.0
48,1,Discount,26,48,1,2,5.0
49,1,Discount,26,49,5,0,5.0
50,1,Discount,26,50,0,1,1.0
51,1,Discount,26,51,1,2,5.0
52,1,Discount,26,52,4,0,5.0
53,1,Discount,26,53,5,2,5.0
54,1,Discount,26,54,5,0,5.0
55,1,Discount,26,55,0,1,1.0
56,1,Discount,26,56,0,1,1.0
57,1,Discount,26,57,6,2,5.0
58,1,Discount,26,58,3,0,5.0
59,1,Discount,26,59,1,1,1.0
60,1,Discount,26,60,2,2,5.0
61,1,Discount,26,61,4,0,5.0
62,1,Discount,26,62,4,2,5.0
63,1,Discount,26,63,2,2,5.0
64,1,Discount,26,64,0,1,1.0
0,1,Discount,27,0,7,2,5.0
1,1,Discount,27,1,0,0,5.0
2,1,Discount,27,2,6,0,5.0
3,1,Discount,27,3,2,2,5.0
4,1,Discount,27,4,4,2,5.0
5,1,Discount,27,5,3,2,5.0
6,1,Discount,27,6,1,2,5.0
7,1,Discount,27,7,1,2,5.0
8,1,Discount,27,8,2,2,5.0
9,1,Discount,27,9,1,0,5.0
10,1,Discount,27,10,6,0,5.0
11,1,Discount,27,11,3,0,5.0
12,1,Discount,27,12,3,2,5.0
13,1,Discount,27,13,7,0,5.0
14,1,Discount,27,14,4,0,5.0
15,1,Discount,27,15,0,0,5.0
16,1,Discount,27,16,4,2,5.0
17,1,Discount,27,17,3,2,5.0
18,1,Discount,27,18,1,0,5.0
19,1,Discount,27,19,5,2,5.0
20,1,Discount,27,20,5,0,5.0
21,1,Discount,27,21,1,0,5.0
22,1,Discount,27,22,2,0,5.0
23,1,Discount,27,23,5,2,5.0
24,1,Discount,27,24,2,2,5.0
25,1,Discount,27,25,2,2,5.0
26,1,Discount,27,26,7,2,5.0
27,1,Discount,27,27,0,2,5.0
28,1,Discount,27,28,6,2,5.0
29,1,Discount,27,29,0,0,5.0
30,1,Discount,27,30,0,0,5.0
31,1,Discount,27,31,0,2,5.0
32,1,Discount,27,32,4,2,5.0
33,1,Discount,27,33,6,0,5.0
34,1,Discount,27,34,3,2,5.0
35,1,Discount,27,35,6,2,5.0
36,1,Discount,27,36,4,0,5.0
37,1,Discount,27,37,1,2,5.0
38,1,Discount,27,38,6,0,5.0
39,1,Discount,27,39,2,2,5.0
40,1,Discount,27,40,4,2,5.0
41,1,Discount,27,41,1,2,5.0
42,1,Discount,27,42,3,0,5.0
43,1,Discount,27,43,7,0,5.0
44,1,Discount,27,44,0,2,5.0
45,1,Discount,27,45,7,2,5.0
46,1,Discount,27,46,2,2,5.0
47,1,Discount,27,47,1,0,5.0
48,1,Discount,27,48,5,0,5.0
49,1,Discount,27,49,2,0,5.0
50,1,Discount,27,50,1,0,5.0
51,1,Discount,27,51,1,2,5.0
52,1,Discount,27,52,0,0,5.0
53,1,Discount,27,53,0,2,5.0
54,1,Discount,27,54,3,0,5.0
55,1,Discount,27,55,5,2,5.0
56,1,Discount,27,56,2,2,5.0
57,1,Discount,27,57,0,0,5.0
58,1,Discount,27,58,2,2,5.0
59,1,Discount,27,59,5,0,5.0
60,1,Discount,27,60,0,2,5.0
61,1,Discount,27,61,0,0,5.0
62,1,Discount,27,62,3,2,5.0
63,1,Discount,27,63,4,2,5.0
64,1,Discount,27,64,4,0,5.0
0,1,Discount,28,0,7,0,5.0
1,1,Discount,28,1,0,2,5.0
2,1,Discount,28,2,1,0,5.0
3,1,Discount,28,3,4,2,5.0
4,1,Discount,28,4,1,0,5.0
5,1,Discount,28,5,1,0,5.0
6,1,Discount,28,6,3,0,5.0
7,1,Discount,28,7,6,0,5.0
8,1,Discount,28,8,0,0,5.0
9,1,Discount,28,9,6,0,5.0
10,1,Discount,28,10,1,2,5.0
11,1,Discount,28,11,5,0,5.0
12,1,Discount,28,12,2,0,5.0
13,1,Discount,28,13,3,0,5.0
14,1,Discount,28,14,3,2,5.0
15,1,Discount,28,15,4,2,5.0
16,1,Discount,28,16,3,0,5.0
17,1,Discount,28,17,4,0,5.0
18,1,Discount,28,18,2,2,5.0
19,1,Discount,28,19,2,2,5.0
20,1,Discount,28,20,0,0,5.0
21,1,Discount,28,21,7,2,5.0
22,1,Discount,28,22,5,0,5.0
23,1,Discount,28,23,2,0,5.0
24,1,Discount,28,24,0,2,5.0
25,1,Discount,28,25,6,2,5.0
26,1,Discount,28,26,2,0,5.0
27,1,Discount,28,27,4,0,5.0
28,1,Discount,28,28,0,2,5.0
29,1,Discount,28,29,0,0,5.0
30,1,Discount,28,30,5,2,5.0
31,1,Discount,28,31,1,2,5.0
32,1,Discount,28,32,7,2,5.0
33,1,Discount,28,33,7,0,5.0
34,1,Discount,28,34,1,2,5.0
35,1,Discount,28,35,0,0,5.0
36,1,Discount,28,36,2,0,5.0
37,1,Discount,28,37,4,2,5.0
38,1,Discount,28,38,0,2,5.0
39,1,Discount,28,39,6,2,5.0
40,1,Discount,28,40,2,0,5.0
41,1,Discount,28,41,3,0,5.0
42,1,Discount,28,42,0,0,5.0
43,1,Discount,28,43,0,2,5.0
44,1,Discount,28,44,5,0,5.0
45,1,Discount,28,45,6,2,5.0
46,1,Discount,28,46,3,2,5.0
47,1,Discount,28,47,2,2,5.0
48,1,Discount,28,48,4,2,5.0
49,1,Discount,28,49,3,0,5.0
50,1,Discount,28,50,1,0,5.0
51,1,Discount,28,51,3,2,5.0
52,1,Discount,28,52,1,2,5.0
53,1,Discount,28,53,4,2,5.0
54,1,Discount,28,54,7,0,5.0
55,1,Discount,28,55,2,0,5.0
56,1,Discount,28,56,1,2,5.0
57,1,Discount,28,57,5,0,5.0
58,1,Discount,28,58,6,2,5.0
59,1,Discount,28,59,4,0,5.0
60,1,Discount,28,60,0,0,5.0
61,1,Discount,28,61,2,0,5.0
62,1,Discount,28,62,0,0,5.0
63,1,Discount,28,63,1,2,5.0
64,1,Discount,28,64,5,0,5.0
0,1,Discount,29,0,7,2,5.0
1,1,Discount,29,1,1,2,5.0
2,1,Discount,29,2,2,2,5.0
3,1,Discount,29,3,2,0,5.0
4,1,Discount,29,4,3,0,5.0
5,1,Discount,29,5,1,0,5.0
6,1,Discount,29,6,3,2,5.0
7,1,Discount,29,7,0,2,5.0
8,1,Discount,29,8,0,2,5.0
9,1,Discount,29,9,6,0,5.0
10,1,Discount,29,10,0,2,5.0
11,1,Discount,29,11,3,2,5.0
12,1,Discount,29,12,2,2,5.0
13,1,Discount,29,13,4,2,5.0
14,1,Discount,29,14,5,2,5.0
15,1,Discount,29,15,4,0,5.0
16,1,Discount,29,16,0,0,5.0
17,1,Discount,29,17,4,2,5.0
18,1,Discount,29,18,1,2,5.0
19,1,Discount,29,19,6,0,5.0
20,1,Discount,29,20,7,2,5.0
21,1,Discount,29,21,5,2,5.0
22,1,Discount,29,22,1,2,5.0
23,1,Discount,29,23,5,2,5.0
24,1,Discount,29,24,2,2,5.0
25,1,Discount,29,25,6,2,5.0
26,1,Discount,29,26,4,0,5.0
27,1,Discount,29,27,0,2,5.0
28,1,Discount,29,28,3,2,5.0
29,1,Discount,29,29,7,2,5.0
30,1,Discount,29,30,2,2,5.0
31,1,Discount,29,31,0,2,5.0
32,1,Discount,29,32,1,2,5.0
33,1,Discount,29,33,2,2,5.0
34,1,Discount,29,34,1,0,5.0
35,1,Discount,29,35,4,0,5.0
36,1,Discount,29,36,1,0,5.0
37,1,Discount,29,37,2,2,5.0
38,1,Discount,29,38,7,0,5.0
39,1,Discount,29,39,2,2,5.0
40,1,Discount,29,40,1,0,5.0
41,1,Discount,29,41,0,2,5.0
42,1,Discount,29,42,0,2,5.0
43,1,Discount,29,43,5,0,5.0
44,1,Discount,29,44,1,0,5.0
45,1,Discount,29,45,5,0,5.0
46,1,Discount,29,46,2,2,5.0
47,1,Discount,29,47,4,0,5.0
48,1,Discount,29,48,7,0,5.0
49,1,Discount,29,49,4,2,5.0
50,1,Discount,29,50,6,0,5.0
51,1,Discount,29,51,3,0,5.0
52,1,Discount,29,52,0,2,5.0
53,1,Discount,29,53,3,0,5.0
54,1,Discount,29,54,0,1,1.0
55,1,Discount,29,55,1,0,5.0
56,1,Discount,29,56,2,1,1.0
57,1,Discount,29,57,6,2,5.0
58,1,Discount,29,58,0,1,1.0
59,1,Discount,29,59,0,1,1.0
60,1,Discount,29,60,3,0,5.0
61,1,Discount,29,61,5,2,5.0
62,1,Discount,29,62,4,0,5.0
63,1,Discount,29,63,3,2,5.0
64,1,Discount,29,64,6,0,5.0
0,1,Discount,30,0,7,2,5.0
1,1,Discount,30,1,1,0,5.0
2,1,Discount,30,2,4,0,5.0
3,1,Discount,30,3,7,2,5.0
4,1,Discount,30,4,7,2,5.0
5,1,Discount,30,5,2,0,5.0
6,1,Discount,30,6,0,0,5.0
7,1,Discount,30,7,3,2,5.0
8,1,Discount,30,8,1,0,5.0
9,1,Discount,30,9,4,0,5.0
10,1,Discount,30,10,5,2,5.0
11,1,Discount,30,11,6,0,5.0
12,1,Discount,30,12,3,0,5.0
13,1,Discount,30,13,2,2,5.0
14,1,Discount,30,14,6,0,5.0
15,1,Discount,30,15,6,2,5.0
16,1,Discount,30,16,2,0,5.0
17,1,Discount,30,17,4,0,5.0
18,1,Discount,30,18,5,0,5.0
19,1,Discount,30,19,3,0,5.0
20,1,Discount,30,20,0,0,5.0
21,1,Discount,30,21,4,0,5.0
22,1,Discount,30,22,1,2,5.0
23,1,Discount,30,23,0,2,5.0
24,1,Discount,30,24,2,2,5.0
25,1,Discount,30,25,3,0,5.0
26,1,Discount,30,26,0,0,5.0
27,1,Discount,30,27,5,0,5.0
28,1,Discount,30,28,0,2,5.0
29,1,Discount,30,29,2,0,5.0
30,1,Discount,30,30,0,0,5.0
31,1,Discount,30,31,1,2,5.0
32,1,Discount,30,32,1,2,5.0
33,1,Discount,30,33,6,0,5.0
34,1,Discount,30,34,0,0,5.0
35,1,Discount,30,35,4,2,5.0
36,1,Discount,30,36,3,0,5.0
37,1,Discount,30,37,1,0,5.0
38,1,Discount,30,38,6,2,5.0
39,1,Discount,30,39,4,0,5.0
40,1,Discount,30,40,5,2,5.0
41,1,Discount,30,41,3,2,5.0
42,1,Discount,30,42,0,2,5.0
43,1,Discount,30,43,1,0,5.0
44,1,Discount,30,44,0,0,5.0
45,1,Discount,30,45,6,2,5.0
46,1,Discount,30,46,0,2,5.0
47,1,Discount,30,47,5,0,5.0
48,1,Discount,30,48,7,2,5.0
49,1,Discount,30,49,2,0,5.0
50,1,Discount,30,50,7,2,5.0
51,1,Discount,30,51,1,0,5.0
52,1,Discount,30,52,4,2,5.0
53,1,Discount,30,53,4,0,5.0
54,1,Discount,30,54,2,2,5.0
55,1,Discount,30,55,2,2,5.0
56,1,Discount,30,56,2,0,5.0
57,1,Discount,30,57,1,0,5.0
58,1,Discount,30,58,5,2,5.0
59,1,Discount,30,59,0,2,5.0
60,1,Discount,30,60,3,0,5.0
61,1,Discount,30,61,1,2,5.0
62,1,Discount,30,62,0,2,5.0
63,1,Discount,30,63,3,0,5.0
64,1,Discount,30,64,2,0,5.0
0,1,Discount,31,0,7,0,5.0
1,1,Discount,31,1,4,2,5.0
2,1,Discount,31,2,2,0,5.0
3,1,Discount,31,3,2,0,5.0
4,1,Discount,31,4,3,2,5.0
5,1,Discount,31,5,0,2,5.0
6,1,Discount,31,6,0,0,5.0
7,1,Discount,31,7,2,2,5.0
8,1,Discount,31,8,5,2,5.0
9,1,Discount,31,9,4,2,5.0
10,1,Discount,31,10,5,2,5.0
11,1,Discount,31,11,1,0,5.0
12,1,Discount,31,12,1,2,5.0
13,1,Discount,31,13,3,0,5.0
14,1,Discount,31,14,0,0,5.0
15,1,Discount,31,15,6,0,5.0
16,1,Discount,31,16,7,0,5.0
17,1,Discount,31,17,0,0,5.0
18,1,Discount,31,18,6,0,5.0
19,1,Discount,31,19,7,2,5.0
20,1,Discount,31,20,1,2,5.0
21,1,Discount,31,21,5,2,5.0
22,1,Discount,31,22,1,0,5.0
23,1,Discount,31,23,2,2,5.0
24,1,Discount,31,24,6,2,5.0
25,1,Discount,31,25,3,2,5.0
26,1,Discount,31,26,3,2,5.0
27,1,Discount,31,27,0,0,5.0
28,1,Discount,31,28,1,0,5.0
29,1,Discount,31,29,0,0,5.0
30,1,Discount,31,30,2,2,5.0
31,1,Discount,31,31,4,0,5.0
32,1,Discount,31,32,4,2,5.0
33,1,Discount,31,33,3,0,5.0
34,1,Discount,31,34,3,0,5.0
35,1,Discount,31,35,6,0,5.0
36,1,Discount,31,36,1,0,5.0
37,1,Discount,31,37,5,0,5.0
38,1,Discount,31,38,7,0,5.0
39,1,Discount,31,39,2,0,5.0
40,1,Discount,31,40,2,2,5.0
41,1,Discount,31,41,7,0,5.0
42,1,Discount,31,42,1,2,5.0
43,1,Discount,31,43,1,0,5.0
44,1,Discount,31,44,1,2,5.0
45,1,Discount,31,45,0,2,5.0
46,1,Discount,31,46,0,2,5.0
47,1,Discount,31,47,5,2,5.0
48,1,Discount,31,48,0,2,5.0
49,1,Discount,31,49,4,0,5.0
50,1,Discount,31,50,2,0,5.0
51,1,Discount,31,51,6,0,5.0
52,1,Discount,31,52,0,0,5.0
53,1,Discount,31,53,2,2,5.0
54,1,Discount,31,54,4,0,5.0
55,1,Discount,31,55,4,2,5.0
56,1,Discount,31,56,0,0,5.0
57,1,Discount,31,57,3,2,5.0
58,1,Discount,31,58,6,0,5.0
59,1,Discount,31,59,1,0,5.0
60,1,Discount,31,60,4,0,5.0
61,1,Discount,31,61,2,0,5.0
62,1,Discount,31,62,5,0,5.0
63,1,Discount,31,63,3,0,5.0
64,1,Discount,31,64,0,0,5.0
0,1,Discount,32,0,7,2,5.0
1,1,Discount,32,1,1,0,5.0
2,1,Discount,32,2,6,0,5.0
3,1,Discount,32,3,2,0,5.0
4,1,Discount,32,4,3,2,5.0
5,1,Discount,32,5,2,0,5.0
6,1,Discount,32,6,0,0,5.0
7,1,Discount,32,7,5,2,5.0
8,1,Discount,32,8,5,2,5.0
9,1,Discount,32,9,1,2,5.0
10,1,Discount,32,10,3,0,5.0
11,1,Discount,32,11,0,0,5.0
12,1,Discount,32,12,2,0,5.0
13,1,Discount,32,13,1,2,5.0
14,1,Discount,32,14,0,0,5.0
15,1,Discount,32,15,4,0,5.0
16,1,Discount,32,16,4,2,5.0
17,1,Discount,32,17,1,2,5.0
18,1,Discount,32,18,4,0,5.0
19,1,Discount,32,19,6,0,5.0
20,1,Discount,32,20,5,0,5.0
21,1,Discount,32,21,0,2,5.0
22,1,Discount,32,22,0,2,5.0
23,1,Discount,32,23,1,0,5.0
24,1,Discount,32,24,2,2,5.0
25,1,Discount,32,25,7,0,5.0
26,1,Discount,32,26,3,2,5.0
27,1,Discount,32,27,0,0,5.0
28,1,Discount,32,28,6,0,5.0
29,1,Discount,32,29,7,2,5.0
30,1,Discount,32,30,3,2,5.0
31,1,Discount,32,31,2,0,5.0
32,1,Discount,32,32,4,2,5.0
33,1,Discount,32,33,2,2,5.0
34,1,Discount,32,34,2,0,5.0
35,1,Discount,32,35,2,0,5.0
36,1,Discount,32,36,7,0,5.0
37,1,Discount,32,37,5,2,5.0
38,1,Discount,32,38,0,2,5.0
39,1,Discount,32,39,1,2,5.0
40,1,Discount,32,40,0,2,5.0
41,1,Discount,32,41,2,0,5.0
42,1,Discount,32,42,1,2,5.0
43,1,Discount,32,43,6,2,5.0
44,1,Discount,32,44,7,2,5.0
45,1,Discount,32,45,3,0,5.0
46,1,Discount,32,46,4,0,5.0
47,1,Discount,32,47,0,0,5.0
48,1,Discount,32,48,3,2,5.0
49,1,Discount,32,49,6,0,5.0
50,1,Discount,32,50,4,2,5.0
51,1,Discount,32,51,0,0,5.0
52,1,Discount,32,52,6,0,5.0
53,1,Discount,32,53,5,0,5.0
54,1,Discount,32,54,0,2,5.0
55,1,Discount,32,55,0,0,5.0
56,1,Discount,32,56,1,2,5.0
57,1,Discount,32,57,2,2,5.0
58,1,Discount,32,58,3,0,5.0
59,1,Discount,32,59,1,0,5.0
60,1,Discount,32,60,1,2,5.0
61,1,Discount,32,61,4,2,5.0
62,1,Discount,32,62,4,2,5.0
63,1,Discount,32,63,5,2,5.0
64,1,Discount,32,64,3,2,5.0
0,1,Discount,33,0,7,0,5.0
1,1,Discount,33,1,7,2,5.0
2,1,Discount,33,2,2,2,5.0
3,1,Discount,33,3,4,2,5.0
4,1,Discount,33,4,5,0,5.0
5,1,Discount,33,5,3,0,5.0
6,1,Discount,33,6,6,2,5.0
7,1,Discount,33,7,2,0,5.0
8,1,Discount,33,8,0,0,5.0
9,1,Discount,33,9,6,0,5.0
10,1,Discount,33,10,0,0,5.0
11,1,Discount,33,11,1,0,5.0
12,1,Discount,33,12,7,0,5.0
13,1,Discount,33,13,3,2,5.0
14,1,Discount,33,14,4,0,5.0
15,1,Discount,33,15,3,2,5.0
16,1,Discount,33,16,0,0,5.0
17,1,Discount,33,17,4,2,5.0
18,1,Discount,33,18,1,0,5.0
19,1,Discount,33,19,0,0,5.0
20,1,Discount,33,20,1,0,5.0
21,1,Discount,33,21,2,0,5.0
22,1,Discount,33,22,3,0,5.0
23,1,Discount,33,23,5,2,5.0
24,1,Discount,33,24,0,0,5.0
25,1,Discount,33,25,4,0,5.0
26,1,Discount,33,26,2,2,5.0
27,1,Discount,33,27,2,2,5.0
28,1,Discount,33,28,1,0,5.0
29,1,Discount,33,29,1,2,5.0
30,1,Discount,33,30,0,2,5.0
31,1,Discount,33,31,5,2,5.0
32,1,Discount,33,32,6,2,5.0
33,1,Discount,33,33,6,2,5.0
34,1,Discount,33,34,2,0,5.0
35,1,Discount,33,35,3,0,5.0
36,1,Discount,33,36,2,2,5.0
37,1,Discount,33,37,0,0,5.0
38,1,Discount,33,38,2,2,5.0
39,1,Discount,33,39,0,0,5.0
40,1,Discount,33,40,7,0,5.0
41,1,Discount,33,41,1,2,5.0
42,1,Discount,33,42,0,0,5.0
43,1,Discount,33,43,4,0,5.0
44,1,Discount,33,44,4,0,5.0
45,1,Discount,33,45,4,2,5.0
46,1,Discount,33,46,7,2,5.0
47,1,Discount,33,47,0,2,5.0
48,1,Discount,33,48,0,0,5.0
49,1,Discount,33,49,1,0,5.0
50,1,Discount,33,50,3,0,5.0
51,1,Discount,33,51,1,0,5.0
52,1,Discount,33,52,6,0,5.0
53,1,Discount,33,53,5,2,5.0
54,1,Discount,33,54,5,2,5.0
55,1,Discount,33,55,3,0,5.0
56,1,Discount,33,56,5,0,5.0
57,1,Discount,33,57,2,2,5.0
58,1,Discount,33,58,0,0,5.0
59,1,Discount,33,59,6,0,5.0
60,1,Discount,33,60,1,2,5.0
61,1,Discount,33,61,2,0,5.0
62,1,Discount,33,62,4,0,5.0
63,1,Discount,33,63,1,2,5.0
64,1,Discount,33,64,3,0,5.0
0,1,Discount,34,0,7,0,5.0
1,1,Discount,34,1,6,2,5.0
2,1,Discount,34,2,4,2,5.0
3,1,Discount,34,3,3,2,5.0
4,1,Discount,34,4,6,0,5.0
5,1,Discount,34,5,0,2,5.0
6,1,Discount,34,6,3,0,5.0
7,1,Discount,34,7,7,2,5.0
8,1,Discount,34,8,2,2,5.0
9,1,Discount,34,9,1,0,5.0
10,1,Discount,34,10,1,2,5.0
11,1,Discount,34,11,3,0,5.0
12,1,Discount,34,12,2,2,5.0
13,1,Discount,34,13,2,0,5.0
14,1,Discount,34,14,7,0,5.0
15,1,Discount,34,15,0,0,5.0
16,1,Discount,34,16,1,2,5.0
17,1,Discount,34,17,1,2,5.0
18,1,Discount,34,18,4,0,5.0
19,1,Discount,34,19,0,0,5.0
20,1,Discount,34,20,5,2,5.0
21,1,Discount,34,21,4,2,5.0
22,1,Discount,34,22,0,0,5.0
23,1,Discount,34,23,0,2,5.0
24,1,Discount,34,24,1,2,5.0
25,1,Discount,34,25,2,0,5.0
26,1,Discount,34,26,0,0,5.0
27,1,Discount,34,27,5,2,5.0
28,1,Discount,34,28,5,0,5.0
29,1,Discount,34,29,4,2,5.0
30,1,Discount,34,30,2,0,5.0
31,1,Discount,34,31,6,0,5.0
32,1,Discount,34,32,3,2,5.0
33,1,Discount,34,33,2,2,5.0
34,1,Discount,34,34,1,0,5.0
35,1,Discount,34,35,5,2,5.0
36,1,Discount,34,36,4,0,5.0
37,1,Discount,34,37,6,0,5.0
38,1,Discount,34,38,1,0,5.0
39,1,Discount,34,39,1,2,5.0
40,1,Discount,34,40,3,0,5.0
41,1,Discount,34,41,1,0,5.0
42,1,Discount,34,42,2,0,5.0
43,1,Discount,34,43,0,0,5.0
44,1,Discount,34,44,2,2,5.0
45,1,Discount,34,45,0,0,5.0
46,1,Discount,34,46,0,2,5.0
47,1,Discount,34,47,4,0,5.0
48,1,Discount,34,48,2,2,5.0
49,1,Discount,34,49,3,0,5.0
50,1,Discount,34,50,0,0,5.0
51,1,Discount,34,51,2,0,5.0
52,1,Discount,34,52,4,0,5.0
53,1,Discount,34,53,6,0,5.0
54,1,Discount,34,54,3,0,5.0
55,1,Discount,34,55,7,2,5.0
56,1,Discount,34,56,6,0,5.0
57,1,Discount,34,57,0,2,5.0
58,1,Discount,34,58,1,2,5.0
59,1,Discount,34,59,3,0,5.0
60,1,Discount,34,60,0,0,5.0
61,1,Discount,34,61,4,2,5.0
62,1,Discount,34,62,5,2,5.0
63,1,Discount,34,63,7,0,5.0
64,1,Discount,34,64,5,0,5.0
0,1,Discount,35,0,7,0,5.0
1,1,Discount,35,1,3,0,5.0
2,1,Discount,35,2,7,2,5.0
3,1,Discount,35,3,6,2,5.0
4,1,Discount,35,4,2,2,5.0
5,1,Discount,35,5,0,2,5.0
6,1,Discount,35,6,4,2,5.0
7,1,Discount,35,7,2,2,5.0
8,1,Discount,35,8,1,2,5.0
9,1,Discount,35,9,5,0,5.0
10,1,Discount,35,10,4,0,5.0
11,1,Discount,35,11,1,2,5.0
12,1,Discount,35,12,6,2,5.0
13,1,Discount,35,13,1,0,5.0
14,1,Discount,35,14,5,0,5.0
15,1,Discount,35,15,5,2,5.0
16,1,Discount,35,16,2,2,5.0
17,1,Discount,35,17,3,0,5.0
18,1,Discount,35,18,2,2,5.0
19,1,Discount,35,19,0,0,5.0
20,1,Discount,35,20,4,2,5.0
21,1,Discount,35,21,7,0,5.0
22,1,Discount,35,22,1,0,5.0
23,1,Discount,35,23,0,0,5.0
24,1,Discount,35,24,6,0,5.0
25,1,Discount,35,25,0,2,5.0
26,1,Discount,35,26,3,0,5.0
27,1,Discount,35,27,1,2,5.0
28,1,Discount,35,28,2,0,5.0
29,1,Discount,35,29,0,2,5.0
30,1,Discount,35,30,3,2,5.0
31,1,Discount,35,31,0,2,5.0
32,1,Discount,35,32,4,2,5.0
33,1,Discount,35,33,6,0,5.0
34,1,Discount,35,34,4,2,5.0
35,1,Discount,35,35,2,2,5.0
36,1,Discount,35,36,0,2,5.0
37,1,Discount,35,37,3,0,5.0
38,1,Discount,35,38,5,2,5.0
39,1,Discount,35,39,1,0,5.0
40,1,Discount,35,40,1,2,5.0
41,1,Discount,35,41,4,0,5.0
42,1,Discount,35,42,3,2,5.0
43,1,Discount,35,43,2,0,5.0
44,1,Discount,35,44,1,0,5.0
45,1,Discount,35,45,1,2,5.0
46,1,Discount,35,46,2,2,5.0
47,1,Discount,35,47,1,0,5.0
48,1,Discount,35,48,3,0,5.0
49,1,Discount,35,49,5,0,5.0
50,1,Discount,35,50,0,2,5.0
51,1,Discount,35,51,0,2,5.0
52,1,Discount,35,52,4,0,5.0
53,1,Discount,35,53,3,2,5.0
54,1,Discount,35,54,4,0,5.0
55,1,Discount,35,55,5,2,5.0
56,1,Discount,35,56,2,0,5.0
57,1,Discount,35,57,0,0,5.0
58,1,Discount,35,58,7,0,5.0
59,1,Discount,35,59,6,0,5.0
60,1,Discount,35,60,0,0,5.0
61,1,Discount,35,61,6,0,5.0
62,1,Discount,35,62,7,2,5.0
63,1,Discount,35,63,2,2,5.0
64,1,Discount,35,64,0,2,5.0
0,1,Discount,36,0,7,2,5.0
1,1,Discount,36,1,0,2,5.0
2,1,Discount,36,2,2,0,5.0
3,1,Discount,36,3,0,2,5.0
4,1,Discount,36,4,7,2,5.0
5,1,Discount,36,5,3,2,5.0
6,1,Discount,36,6,3,2,5.0
7,1,Discount,36,7,4,2,5.0
8,1,Discount,36,8,4,2,5.0
9,1,Discount,36,9,3,0,5.0
10,1,Discount,36,10,0,0,5.0
11,1,Discount,36,11,0,0,5.0
12,1,Discount,36,12,0,0,5.0
13,1,Discount,36,13,5,2,5.0
14,1,Discount,36,14,2,2,5.0
15,1,Discount,36,15,6,2,5.0
16,1,Discount,36,16,6,2,5.0
17,1,Discount,36,17,4,0,5.0
18,1,Discount,36,18,1,0,5.0
19,1,Discount,36,19,1,2,5.0
20,1,Discount,36,20,6,0,5.0
21,1,Discount,36,21,7,0,5.0
22,1,Discount,36,22,5,2,5.0
23,1,Discount,36,23,0,2,5.0
24,1,Discount,36,24,1,2,5.0
25,1,Discount,36,25,5,2,5.0
26,1,Discount,36,26,2,2,5.0
27,1,Discount,36,27,2,2,5.0
28,1,Discount,36,28,1,0,5.0
29,1,Discount,36,29,3,2,5.0
30,1,Discount,36,30,2,0,5.0
31,1,Discount,36,31,4,2,5.0
32,1,Discount,36,32,1,0,5.0
33,1,Discount,36,33,6,0,5.0
34,1,Discount,36,34,4,0,5.0
35,1,Discount,36,35,0,2,5.0
36,1,Discount,36,36,0,0,5.0
37,1,Discount,36,37,1,0,5.0
38,1,Discount,36,38,5,2,5.0
39,1,Discount,36,39,4,0,5.0
40,1,Discount,36,40,1,2,5.0
41,1,Discount,36,41,5,2,5.0
42,1,Discount,36,42,3,0,5.0
43,1,Discount,36,43,0,2,5.0
44,1,Discount,36,44,7,0,5.0
45,1,Discount,36,45,1,0,5.0
46,1,Discount,36,46,1,2,5.0
47,1,Discount,36,47,2,0,5.0
48,1,Discount,36,48,1,2,5.0
49,1,Discount,36,49,4,0,5.0
50,1,Discount,36,50,5,0,5.0
51,1,Discount,36,51,7,0,5.0
52,1,Discount,36,52,2,0,5.0
53,1,Discount,36,53,6,0,5.0
54,1,Discount,36,54,0,0,5.0
55,1,Discount,36,55,3,2,5.0
56,1,Discount,36,56,0,0,5.0
57,1,Discount,36,57,0,2,5.0
58,1,Discount,36,58,3,0,5.0
59,1,Discount,36,59,2,2,5.0
60,1,Discount,36,60,3,2,5.0
61,1,Discount,36,61,6,2,5.0
62,1,Discount,36,62,2,2,5.0
63,1,Discount,36,63,4,2,5.0
64,1,Discount,36,64,2,0,5.0
0,1,Discount,37,0,7,2,5.0
1,1,Discount,37,1,0,2,5.0
2,1,Discount,37,2,1,2,5.0
3,1,Discount,37,3,7,2,5.0
4,1,Discount,37,4,0,2,5.0
5,1,Discount,37,5,5,0,5.0
6,1,Discount,37,6,1,2,5.0
7,1,Discount,37,7,3,2,5.0
8,1,Discount,37,8,2,2,5.0
9,1,Discount,37,9,4,2,5.0
10,1,Discount,37,10,2,2,5.0
11,1,Discount,37,11,7,0,5.0
12,1,Discount,37,12,3,0,5.0
13,1,Discount,37,13,4,0,5.0
14,1,Discount,37,14,6,0,5.0
15,1,Discount,37,15,2,0,5.0
16,1,Discount,37,16,0,0,5.0
17,1,Discount,37,17,6,2,5.0
18,1,Discount,37,18,1,2,5.0
19,1,Discount,37,19,0,0,5.0
20,1,Discount,37,20,4,0,5.0
21,1,Discount,37,21,3,0,5.0
22,1,Discount,37,22,1,0,5.0
23,1,Discount,37,23,4,0,5.0
24,1,Discount,37,24,1,2,5.0
25,1,Discount,37,25,3,0,5.0
26,1,Discount,37,26,2,0,5.0
27,1,Discount,37,27,5,2,5.0
28,1,Discount,37,28,5,2,5.0
29,1,Discount,37,29,6,0,5.0
30,1,Discount,37,30,0,0,5.0
31,1,Discount,37,31,2,2,5.0
32,1,Discount,37,32,0,2,5.0
33,1,Discount,37,33,0,2,5.0
34,1,Discount,37,34,3,2,5.0
35,1,Discount,37,35,1,2,5.0
36,1,Discount,37,36,2,0,5.0
37,1,Discount,37,37,1,2,5.0
38,1,Discount,37,38,4,0,5.0
39,1,Discount,37,39,1,2,5.0
40,1,Discount,37,40,5,2,5.0
41,1,Discount,37,41,2,2,5.0
42,1,Discount,37,42,2,0,5.0
43,1,Discount,37,43,7,0,5.0
44,1,Discount,37,44,3,2,5.0
45,1,Discount,37,45,7,2,5.0
46,1,Discount,37,46,0,2,5.0
47,1,Discount,37,47,1,2,5.0
48,1,Discount,37,48,2,2,5.0
49,1,Discount,37,49,0,2,5.0
50,1,Discount,37,50,3,0,5.0
51,1,Discount,37,51,4,0,5.0
52,1,Discount,37,52,1,1,1.0
53,1,Discount,37,53,0,2,5.0
54,1,Discount,37,54,5,0,5.0
55,1,Discount,37,55,3,2,5.0
56,1,Discount,37,56,0,0,5.0
57,1,Discount,37,57,6,0,5.0
58,1,Discount,37,58,5,0,5.0
59,1,Discount,37,59,2,0,5.0
60,1,Discount,37,60,6,0,5.0
61,1,Discount,37,61,0,2,5.0
62,1,Discount,37,62,4,0,5.0
63,1,Discount,37,63,4,2,5.0
64,1,Discount,37,64,6,2,5.0
0,1,Discount,38,0,7,0,5.0
1,1,Discount,38,1,0,2,5.0
2,1,Discount,38,2,1,0,5.0
3,1,Discount,38,3,3,2,5.0
4,1,Discount,38,4,2,0,5.0
5,1,Discount,38,5,1,0,5.0
6,1,Discount,38,6,3,0,5.0
7,1,Discount,38,7,7,2,5.0
8,1,Discount,38,8,1,0,5.0
9,1,Discount,38,9,6,2,5.0
10,1,Discount,38,10,5,2,5.0
11,1,Discount,38,11,2,2,5.0
12,1,Discount,38,12,4,0,5.0
13,1,Discount,38,13,6,0,5.0
14,1,Discount,38,14,4,2,5.0
15,1,Discount,38,15,4,0,5.0
16,1,Discount,38,16,3,0,5.0
17,1,Discount,38,17,0,2,5.0
18,1,Discount,38,18,2,2,5.0
19,1,Discount,38,19,5,2,5.0
20,1,Discount,38,20,2,0,5.0
21,1,Discount,38,21,0,0,5.0
22,1,Discount,38,22,1,0,5.0
23,1,Discount,38,23,5,2,5.0
24,1,Discount,38,24,0,0,5.0
25,1,Discount,38,25,7,2,5.0
26,1,Discount,38,26,4,0,5.0
27,1,Discount,38,27,6,2,5.0
28,1,Discount,38,28,0,2,5.0
29,1,Discount,38,29,0,0,5.0
30,1,Discount,38,30,1,2,5.0
31,1,Discount,38,31,2,0,5.0
32,1,Discount,38,32,3,0,5.0
33,1,Discount,38,33,0,2,5.0
34,1,Discount,38,34,2,0,5.0
35,1,Discount,38,35,1,0,5.0
36,1,Discount,38,36,6,0,5.0
37,1,Discount,38,37,0,2,5.0
38,1,Discount,38,38,1,0,5.0
39,1,Discount,38,39,4,0,5.0
40,1,Discount,38,40,7,0,5.0
41,1,Discount,38,41,6,2,5.0
42,1,Discount,38,42,1,2,5.0
43,1,Discount,38,43,2,2,5.0
44,1,Discount,38,44,5,0,5.0
45,1,Discount,38,45,2,0,5.0
46,1,Discount,38,46,1,2,5.0
47,1,Discount,38,47,1,2,5.0
48,1,Discount,38,48,0,2,5.0
49,1,Discount,38,49,2,0,5.0
50,1,Discount,38,50,3,2,5.0
51,1,Discount,38,51,5,2,5.0
52,1,Discount,38,52,0,0,5.0
53,1,Discount,38,53,4,2,5.0
54,1,Discount,38,54,4,2,5.0
55,1,Discount,38,55,6,0,5.0
56,1,Discount,38,56,5,2,5.0
57,1,Discount,38,57,3,2,5.0
58,1,Discount,38,58,3,0,5.0
59,1,Discount,38,59,0,2,5.0
60,1,Discount,38,60,0,0,5.0
61,1,Discount,38,61,3,2,5.0
62,1,Discount,38,62,7,2,5.0
63,1,Discount,38,63,2,2,5.0
64,1,Discount,38,64,4,0,5.0
0,1,Discount,39,0,7,2,5.0
1,1,Discount,39,1,0,2,5.0
2,1,Discount,39,2,5,2,5.0
3,1,Discount,39,3,2,0,5.0
4,1,Discount,39,4,4,2,5.0
5,1,Discount,39,5,0,2,5.0
6,1,Discount,39,6,2,2,5.0
7,1,Discount,39,7,5,0,5.0
8,1,Discount,39,8,7,0,5.0
9,1,Discount,39,9,0,0,5.0
10,1,Discount,39,10,6,0,5.0
11,1,Discount,39,11,2,0,5.0
12,1,Discount,39,12,0,2,5.0
13,1,Discount,39,13,3,2,5.0
14,1,Discount,39,14,0,0,5.0
15,1,Discount,39,15,7,2,5.0
16,1,Discount,39,16,1,2,5.0
17,1,Discount,39,17,6,0,5.0
18,1,Discount,39,18,5,0,5.0
19,1,Discount,39,19,3,2,5.0
20,1,Discount,39,20,2,2,5.0
21,1,Discount,39,21,4,2,5.0
22,1,Discount,39,22,2,0,5.0
23,1,Discount,39,23,0,0,5.0
24,1,Discount,39,24,1,0,5.0
25,1,Discount,39,25,1,2,5.0
26,1,Discount,39,26,3,2,5.0
27,1,Discount,39,27,1,0,5.0
28,1,Discount,39,28,3,2,5.0
29,1,Discount,39,29,4,2,5.0
30,1,Discount,39,30,6,2,5.0
31,1,Discount,39,31,1,2,5.0
32,1,Discount,39,32,4,2,5.0
33,1,Discount,39,33,6,2,5.0
34,1,Discount,39,34,2,0,5.0
35,1,Discount,39,35,0,0,5.0
36,1,Discount,39,36,5,0,5.0
37,1,Discount,39,37,4,0,5.0
38,1,Discount,39,38,7,2,5.0
39,1,Discount,39,39,2,0,5.0
40,1,Discount,39,40,1,2,5.0
41,1,Discount,39,41,3,0,5.0
42,1,Discount,39,42,1,0,5.0
43,1,Discount,39,43,6,2,5.0
44,1,Discount,39,44,2,0,5.0
45,1,Discount,39,45,3,0,5.0
46,1,Discount,39,46,0,0,5.0
47,1,Discount,39,47,4,0,5.0
48,1,Discount,39,48,0,2,5.0
49,1,Discount,39,49,7,2,5.0
50,1,Discount,39,50,6,2,5.0
51,1,Discount,39,51,3,0,5.0
52,1,Discount,39,52,5,2,5.0
53,1,Discount,39,53,5,2,5.0
54,1,Discount,39,54,1,2,5.0
55,1,Discount,39,55,0,0,5.0
56,1,Discount,39,56,2,0,5.0
57,1,Discount,39,57,4,0,5.0
58,1,Discount,39,58,1,0,5.0
59,1,Discount,39,59,1,0,5.0
60,1,Discount,39,60,0,0,5.0
61,1,Discount,39,61,0,2,5.0
62,1,Discount,39,62,2,2,5.0
63,1,Discount,39,63,4,0,5.0
64,1,Discount,39,64,3,2,5.0
